meter_id,X2018_7_1_1h,X2018_7_1_2h,X2018_7_1_3h,X2018_7_1_4h,X2018_7_1_5h,X2018_7_1_6h,X2018_7_1_7h,X2018_7_1_8h,X2018_7_1_9h,X2018_7_1_10h,X2018_7_1_11h,X2018_7_1_12h,X2018_7_1_13h,X2018_7_1_14h,X2018_7_1_15h,X2018_7_1_16h,X2018_7_1_17h,X2018_7_1_18h,X2018_7_1_19h,X2018_7_1_20h,X2018_7_1_21h,X2018_7_1_22h,X2018_7_1_23h,X2018_7_1_24h,,X2018_7_1_d,X2018_7_2_d,X2018_7_3_d,X2018_7_4_d,X2018_7_5_d,X2018_7_6_d,X2018_7_7_d,X2018_7_8_d,X2018_7_9_d,X2018_7_10_d,,X2018_7_m,X2018_8_m,X2018_9_m,X2018_10_m,X2018_11_m
X5,6.799336667,6.608443997,6.502226071,6.443249242,6.410628809,6.392712939,6.383000927,6.37786595,6.375284558,6.374127843,6.373765973,6.373847557,6.374176549,6.374643574,6.375187608,6.375774608,6.376385578,6.377009921,6.377641726,6.378277693,6.378915983,6.379555569,6.380195877,6.380836589,,156.7195205,158.4730411,160.2265616,161.9800822,163.7336027,165.4871233,167.2406438,168.9941644,170.7476849,172.5012055,,5673.692192,7358.825438,8725.915274,10674.73279,11934.85788
X7,1.308540703,1.318726058,1.327310633,1.334546016,1.340644251,1.345784059,1.35011607,1.353767241,1.356844577,1.359438264,1.361624315,1.363466795,1.365019703,1.366328548,1.367431689,1.368361455,1.369145094,1.369805573,1.370362248,1.370831434,1.371226879,1.371560175,1.371841088,1.372077852,,50.64842225,45.44023878,42.85710313,41.62448563,41.08667423,40.90632232,40.90987393,41.00803907,41.15488039,41.32676432,,1340.099104,1507.845328,1640.759092,1883.056796,2003.866965
X10,2.245585509,2.397960946,2.522193111,2.62347998,2.706059478,2.773386799,2.828278972,2.873032731,2.909520608,2.939269288,2.963523479,2.983297996,2.999420221,3.012564721,3.023281472,3.032018873,3.039142503,3.04495042,3.049685633,3.053546267,3.056693854,3.059260091,3.061352352,3.063058179,,95.40772639,87.83761021,86.00474914,85.74013093,85.90418211,86.18540739,86.49866148,86.82067045,87.14507251,87.4701287,,2787.029954,3084.692808,3282.838153,3699.839374,3878.141282
X16,3.314387338,3.423443041,3.510585058,3.580216731,3.635856594,3.680316166,3.715842018,3.744229295,3.766912423,3.785037597,3.799520692,3.81109355,3.820340955,3.827730183,3.833634617,3.838352612,3.842122572,3.845134996,3.847542101,3.849465523,3.851002451,3.852230549,3.853211872,3.853996008,,121.9661458,117.6757686,115.8895192,115.3193437,115.3397272,115.6469026,116.093352,116.6074367,117.154367,117.7172481,,3774.691103,4311.691579,4701.420221,5404.576878,5759.051155
X18,2.495485494,2.50070489,2.504903016,2.50827736,2.510987218,2.513161084,2.514902604,2.516295383,2.517406858,2.518291425,2.518992962,2.519546863,2.519981676,2.520320429,2.520581699,2.520780467,2.520928821,2.521036509,2.521111395,2.521159822,2.521186905,2.521196774,2.521192756,2.521177536,,65.58461644,66.29423288,67.00384932,67.71346575,68.42308219,69.13269863,69.84231507,70.55193151,71.26154795,71.97116438,,2363.094753,3045.036151,3596.108219,4386.920836,4894.706301
X20,0.625216319,0.817774688,0.935125873,1.006737012,1.050529639,1.077403403,1.093987331,1.104313113,1.110832771,1.115037592,1.117834559,1.119775287,1.121195263,1.122298522,1.123209159,1.124002646,1.124724883,1.125403788,1.126056338,1.126692859,1.127319632,1.127940476,1.128557714,1.12917276,,15.55968796,60.67498837,21.44161278,57.38102262,26.32533618,54.9766687,30.41622438,53.27890123,33.8773923,52.14234975,,1440.090826,1948.223296,2356.277751,2921.797724,3298.80568
X26,1.088036956,1.186326976,1.259518268,1.314019888,1.354604314,1.384825355,1.407329338,1.424086845,1.436565259,1.445857263,1.452776519,1.457928917,1.461765631,1.464622625,1.466750075,1.468334273,1.46951394,1.470392374,1.471046497,1.471533587,1.471896297,1.472166388,1.472367509,1.472517274,,33.65354859,33.61740773,33.58126687,33.54512601,33.50898515,33.47284429,33.43670343,33.40056257,33.36442171,33.32828085,,1026.454507,991.7231401,926.6631842,923.3807738,860.5254104
X30,4.797998761,4.527980887,4.306683602,4.125316021,3.976673441,3.854851137,3.755009802,3.673183306,3.606121147,3.551159327,3.506114526,3.469197369,3.438941347,3.414144561,3.393821975,3.377166288,3.363515865,3.352328451,3.343159635,3.335645191,3.329486613,3.324439257,3.320302618,3.316912373,,126.5813259,118.8658346,117.6162197,118.0340925,118.8819945,119.8407969,120.8281994,121.8229777,122.8196581,123.816829,,4039.645976,4982.270439,5734.119411,6868.243011,7559.254158
X31,0.266919915,0.31724476,0.356740312,0.387736904,0.412063407,0.431155144,0.446138572,0.457897749,0.467126495,0.474369328,0.480053591,0.484514671,0.48801578,0.490763494,0.492919933,0.494612332,0.495940548,0.496982948,0.497801037,0.498443082,0.498946968,0.499342423,0.499652781,0.499896354,,11.20072603,11.31745206,11.4341781,11.55090413,11.66763016,11.78435619,11.90108222,12.01780825,12.13453429,12.25126032,,401.5001118,513.6738283,603.9080239,734.4027544,817.5166621
X32,0.231501219,0.330625211,0.392825209,0.431855514,0.45634691,0.471715184,0.481358729,0.487410023,0.491207192,0.493589903,0.495085047,0.496023245,0.496611962,0.49698138,0.497213188,0.497358647,0.497449922,0.497507197,0.497543137,0.497565689,0.497579841,0.497588721,0.497594293,0.497597789,,11.82290541,11.82290541,11.82290541,11.82290541,11.82290541,11.82290541,11.82290541,11.82290541,11.82290541,11.82290541,,366.5100676,366.5100676,354.6871622,366.5100676,354.6871622
X35,0.006011393,0.006015977,0.006016462,0.006016513,0.006016519,0.006016519,0.006016519,0.006016519,0.006016519,0.006016519,0.006016519,0.006016519,0.006016519,0.006016519,0.006016519,0.006016519,0.006016519,0.006016519,0.006016519,0.006016519,0.006016519,0.006016519,0.006016519,0.006016519,,0.142851351,0.142851351,0.142851351,0.142851351,0.142851351,0.142851351,0.142851351,0.142851351,0.142851351,0.142851351,,4.428391873,4.428391873,4.285540523,4.428391873,4.285540523
X37,4.456437889,4.310804131,4.195485439,4.104171441,4.031865329,3.974610428,3.929273686,3.893374222,3.864947576,3.84243821,3.824614384,3.81050076,3.799325021,3.79047562,3.783468307,3.777919634,3.77352597,3.770046889,3.767292013,3.765110591,3.763383252,3.762015476,3.760932415,3.760074804,,119.62968,114.9752854,113.9625733,114.0790169,114.5455715,115.120683,115.7294541,116.3486619,116.9711057,117.5945528,,3772.558491,4361.03598,4791.224164,5540.827292,5932.957692
X41,2.370564896,2.333357843,2.301365943,2.273858209,2.250206115,2.229869233,2.212382884,2.197347521,2.1844196,2.17330373,2.163745923,2.155527793,2.148461562,2.142385775,2.137161604,2.132669683,2.128807375,2.125486431,2.122630968,2.120175744,2.118064657,2.116249473,2.114688715,2.113346722,,40.95126481,38.59188738,37.46034913,36.81982501,36.37565794,36.01001425,35.67577214,35.35408755,35.03742473,34.72277012,,1023.783014,717.0043679,407.1907292,124.5231391,-166.1782019
X42,4.632359289,4.04588384,3.576444253,3.200716352,2.900024255,2.659414013,2.466911862,2.312930299,2.189792524,2.091351652,2.012685817,1.949854033,1.899700721,1.859699175,1.827826243,1.802461966,1.782309228,1.766329417,1.753690908,1.743727809,1.735906935,1.729801361,1.725069243,1.721436864,,48.04694821,43.89403545,42.68224306,42.53638299,42.77684228,43.15731293,43.58852705,44.03813181,44.49440178,44.95308739,,1490.440371,1921.208894,2280.188166,2791.179983,3122.095672
X43,0.381700497,0.445217766,0.495010652,0.534044628,0.564644406,0.588632391,0.607437214,0.622178818,0.633735156,0.642794478,0.649896323,0.65546365,0.659828026,0.663249377,0.665931466,0.668034027,0.669682281,0.670974391,0.671987311,0.672781366,0.673403847,0.673891827,0.674274367,0.67457425,,15.12819183,16.55344784,15.55931412,16.25273471,15.76906525,16.10643069,15.87111412,16.03525034,15.92076329,16.00061943,,494.5073745,495.0020032,479.0341898,495.0019962,479.0341898
X44,0.516332202,0.952080477,1.263958555,1.487179027,1.646944598,1.761293597,1.843136597,1.901714081,1.943639739,1.973647187,1.995124415,2.01049631,2.021498435,2.029372985,2.035009036,2.039042926,2.041930103,2.043996541,2.045475553,2.046534126,2.047291778,2.047834052,2.048222174,2.048499965,,40.67396776,40.456081,40.23819424,40.02030748,39.80242072,39.58453396,39.3666472,39.14876044,38.93087368,38.71298692,,1159.575657,950.1864809,720.1689186,538.1626176,321.4361477
X47,0.423501031,0.331719938,0.265302477,0.217239429,0.182458566,0.157289366,0.139075655,0.125895288,0.116357306,0.109455137,0.104460377,0.100845915,0.098230306,0.096337519,0.094967802,0.093976606,0.093259325,0.092740265,0.092364646,0.09209283,0.09189613,0.091753787,0.091650781,0.091576241,,84.35813677,122.534346,152.4343717,176.0097737,194.7519259,209.8005294,222.0265391,232.0955348,240.5161499,247.6770795,,8029.674469,11619.05661,14061.25512,17440.71957,19694.97626
X50,6.575761834,6.031293515,5.601364316,5.261878786,4.993810403,4.782135231,4.614989901,4.483006725,4.378788685,4.296494864,4.231513091,4.180201453,4.13968418,4.107690475,4.082427246,4.062478611,4.046726545,4.034288222,4.024466533,4.016711021,4.010587026,4.005751329,4.00193291,3.998917768,,165.9037433,155.9299825,153.8787803,154.2717263,155.4187038,156.7983039,158.249669,159.7231741,161.2035095,162.685952,,5343.121305,6744.691392,7884.415811,9549.767951,10599.00603
X51,20.4581726,20.19454117,20.02769927,19.922411,19.85626796,19.81501947,19.78960274,19.77425428,19.76530876,19.76043522,19.75815127,19.75751417,19.75792439,19.75900067,19.76050052,19.76226974,19.76421028,19.76625976,19.76837852,19.77054135,19.77273219,19.77494086,19.77716086,19.77938806,,347.6392696,313.4201052,313.4201052,313.4201052,313.4201052,313.4201052,313.4201052,313.4201052,313.4201052,313.4201052,,9750.242426,9716.023262,9402.603157,9716.023262,9402.603157
X55,17.68948644,16.17427617,14.9490177,13.95822562,13.15703228,12.50915591,11.98525766,11.56161298,11.21903728,10.94201712,10.71800775,10.53686498,10.39038584,10.27193706,10.17615472,10.09870137,10.03606955,9.985423001,9.944468216,9.91135057,9.884570342,9.862914799,9.845403278,9.831242775,,310.9775617,306.825706,307.3052017,308.8907031,310.7403281,312.6530281,314.5807908,316.5121507,318.4443696,320.3767936,,10301.6237,12148.24418,13524.59222,15802.57975,17061.046
X59,0.558236563,1.028610064,1.376512167,1.633830814,1.824151268,1.964917884,2.069033021,2.146039645,2.202996013,2.245122621,2.276280702,2.299326137,2.316371219,2.328978265,2.338302807,2.345199513,2.35030052,2.354073376,2.356863891,2.358927838,2.360454394,2.361583479,2.362418585,2.363036253,,97.35796704,71.97787448,81.07124603,78.81737843,80.29855283,80.55030582,81.2067335,81.72995901,82.29702917,82.84966748,,2686.503573,3206.342611,3611.846439,4258.140028,4629.714906
X61,0.935476498,1.179444945,1.386064676,1.561053343,1.709253292,1.834765562,1.941063371,2.03108823,2.107331335,2.171902513,2.226588599,2.272902884,2.312126995,2.345346352,2.373480215,2.397307112,2.41748639,2.434576457,2.449050234,2.461308245,2.471689699,2.480481873,2.487928068,2.494234337,,68.28169961,68.4008169,68.51993418,68.63905146,68.75816875,68.87728603,68.99640331,69.11552059,69.23463788,69.35375516,,2172.122225,2286.593933,2321.825153,2511.844715,2539.80978
X62,0.253661893,0.273811759,0.282740126,0.286696268,0.288449228,0.289225961,0.289570129,0.28972263,0.289790203,0.289820144,0.289833411,0.289839289,0.289841894,0.289843048,0.28984356,0.289843786,0.289843887,0.289843931,0.289843951,0.28984396,0.289843964,0.289843965,0.289843966,0.289843966,,17.21573141,22.21753467,19.88163878,21.46063763,20.95091623,21.5555932,21.56570336,21.89303373,22.05111708,22.29949907,,729.2667367,939.8058225,1108.013536,1350.088819,1505.061597
X67,0.45990061,0.549936093,0.622453908,0.680862363,0.727906633,0.76579778,0.796316672,0.820897685,0.840696117,0.856642486,0.869486264,0.879831105,0.888163213,0.894874191,0.900279455,0.904633048,0.908139589,0.910963883,0.913238671,0.915070867,0.916546584,0.917735179,0.918692516,0.91946359,,17.4772902,16.61192335,16.40428861,16.33659678,16.29868001,16.26709837,16.23686462,16.20691765,16.17703171,16.14715874,,496.35432,466.3016276,423.9290889,409.8184895,369.2679876
X68,1.787271109,2.149496581,2.456951291,2.717916921,2.939422911,3.127435806,3.287019972,3.422474012,3.537446552,3.635034522,3.71786658,3.788173911,3.847850333,3.898503305,3.941497231,3.977990205,4.008965213,4.035256605,4.057572574,4.076514228,4.092591786,4.106238316,4.117821405,4.127653058,,85.5406536,93.20801859,94.37315695,94.43974951,94.32074366,94.17038112,94.01472089,93.85816561,93.70145912,93.54472709,,2859.404767,2720.108969,2488.948953,2423.718867,2202.119822
X70,0.198885674,0.240083693,0.274105245,0.302198651,0.325395091,0.344546376,0.360356146,0.373405647,0.384175017,0.393060878,0.400390858,0.4064356,0.411418664,0.415524726,0.418906339,0.421689516,0.423978354,0.425858842,0.42740201,0.428666535,0.429700885,0.430545098,0.431232248,0.431789656,,11.78280625,11.03172315,10.69612587,10.53576623,10.44931579,10.39403772,10.35190708,10.31532158,10.28107482,10.24781447,,313.762418,280.3416026,241.5234296,218.8068186,181.9736387
X73,0.111214665,0.139344925,0.158545376,0.171651438,0.180598216,0.18670638,0.190877252,0.193725969,0.195672344,0.197002891,0.19791315,0.198536571,0.198964233,0.199258293,0.199461174,0.199601825,0.199700008,0.199769206,0.199818623,0.199854539,0.199881242,0.199901657,0.199917781,0.199930976,,4.305972218,4.629128887,4.701959143,4.720946407,4.72835252,4.73326763,4.737646947,4.74191102,4.746150305,4.750384258,,147.5315028,152.116593,151.0823365,160.1202358,158.8277973
X75,0.08063967,0.447991291,0.709494681,0.895648815,1.028164733,1.122497682,1.189649655,1.237452544,1.271481568,1.295705513,1.312949601,1.325224999,1.33396338,1.340183894,1.344612038,1.347764262,1.350008208,1.351605586,1.352742698,1.353552163,1.354128391,1.354538585,1.354830586,1.35503845,,40.10906651,27.17665535,36.38904151,29.82661028,34.50134958,31.17130516,33.54345794,31.85365801,33.05738478,32.19991159,,1013.666108,1009.255295,976.698788,1009.255414,976.698788
X76,0.422573187,0.506219835,0.572013874,0.623765567,0.664471954,0.696490424,0.721675227,0.741484867,0.757066558,0.769322667,0.778962968,0.78654575,0.792510148,0.797201571,0.800891709,0.803794266,0.806077332,0.807873127,0.809285647,0.810396695,0.811270613,0.811958011,0.812498699,0.812923989,,16.2043771,13.47345651,12.98473347,12.88441937,12.85138815,12.83001214,12.81065513,12.79164786,12.77270117,12.75376498,,395.8124589,373.6494119,344.2716028,337.8452339,309.6223983
X80,8.434407728,8.346590057,8.271745253,8.207956897,8.153591677,8.10725756,8.06776815,8.034112314,8.005428286,7.980981607,7.960146313,7.942388914,7.927254726,7.914356237,7.903363176,7.893994066,7.886009008,7.879203542,7.873403414,7.86846011,7.864247056,7.860656375,7.857596127,7.854987955,,187.4126315,181.634367,179.7506111,179.0674467,178.7543982,178.5554484,178.3916727,178.2387404,178.0891509,177.9405918,,5500.372237,5346.281586,5038.309616,5066.224954,4767.287069
X82,0.421369199,0.477980985,0.521072926,0.553871351,0.578832668,0.597827097,0.612278556,0.623271164,0.631630328,0.637984485,0.642812102,0.646477468,0.649257938,0.651364681,0.652958472,0.654161721,0.655067625,0.655747141,0.656254295,0.656630217,0.656906225,0.657106162,0.657248181,0.657346103,,13.12174967,14.7473195,15.24012799,15.37741299,15.40311493,15.39379591,15.37348537,15.34972507,15.32488204,15.2996992,,466.0733136,445.2298711,407.68309,397.3151816,361.3140357
X87,0.654489535,0.952297466,1.204670277,1.418539785,1.599780253,1.753369736,1.883526813,1.993826451,2.087298205,2.166509425,2.23363577,2.290520973,2.338727474,2.379579342,2.414198637,2.443536233,2.468397934,2.489466604,2.50732093,2.522451307,2.535273315,2.546139131,2.555347202,2.563150442,,21.13392707,45.5501654,55.49851528,59.55195152,61.20351641,61.87644338,62.1506262,62.26234146,62.30785964,62.32640593,,1862.975315,1932.513918,1870.17476,1932.513918,1870.17476
X88,0.20117944,0.285303015,0.356081709,0.415632477,0.465736452,0.507892221,0.54336064,0.573202552,0.598310515,0.619435495,0.637209329,0.652163624,0.664745655,0.675331745,0.684238519,0.691732373,0.698037445,0.703342316,0.707805653,0.711560952,0.714720532,0.717378894,0.719615549,0.721497394,,4.135443057,4.796447304,5.172571497,5.386524723,5.508160421,5.577243394,5.616410178,5.638546855,5.650988965,5.65791234,,172.0605901,175.2695617,169.2770434,174.5696612,168.5997202
X91,0.4457896,0.540440922,0.619873379,0.686536496,0.742485537,0.789444967,0.828861692,0.861949735,0.889727716,0.913050306,0.932634616,0.949082332,0.9628983,0.974506107,0.984261164,0.992461677,0.999357855,1.005159634,1.010043162,1.014156234,1.017622857,1.020547079,1.023016201,1.025103474,,18.40494537,22.20719301,23.61660859,24.16082218,24.39219539,24.51045154,24.58780674,24.65037295,24.70759174,24.76287701,,768.5518876,829.8245546,852.6400382,932.2981911,951.8080736
X94,0.021484348,0.04260166,0.060878197,0.07669611,0.090386143,0.102234544,0.112489057,0.121364097,0.129045236,0.135693081,0.141446635,0.1464262,0.150735897,0.154465839,0.157694016,0.160487927,0.162905991,0.164998769,0.166810019,0.168377614,0.16973433,0.170908536,0.171924784,0.172804322,,1.009212826,1.09378988,1.107990227,1.102663042,1.091917523,1.07966857,1.067002457,1.054220595,1.041406614,1.028583723,,29.31386218,17.17435389,4.88426508,-7.080206055,-18.5878897
X102,0.590941818,0.729961259,0.847938115,0.948057484,1.033022352,1.105126569,1.16631678,1.218244975,1.262313094,1.299710872,1.33144796,1.358381185,1.38123768,1.400634518,1.417095366,1.431064628,1.442919443,1.452979862,1.461517492,1.468762829,1.474911481,1.480129446,1.484557598,1.488315485,,22.94276365,23.90896525,24.23846083,24.33302163,24.34089508,24.31678222,24.2808669,24.24059666,24.19871952,24.15624946,,738.3520239,699.7391782,637.9895984,618.7726585,559.6349019
X105,0.310367763,0.403239611,0.480459001,0.544663972,0.598047951,0.642434688,0.679340563,0.710026387,0.735540477,0.756754467,0.774393088,0.789058928,0.801253013,0.811391928,0.819822049,0.826831372,0.832659356,0.837505101,0.841534154,0.844884157,0.847669556,0.84998551,0.851911136,0.853512221,,6.49971592,7.247050334,7.53471274,7.643971181,7.683989003,7.69713375,7.699848748,7.698515841,7.695611896,7.692098214,,235.7307067,233.9888562,222.8719354,226.6131436,215.7341489
X106,0.496746482,0.576068308,0.629703712,0.665970609,0.690493363,0.707075026,0.718287126,0.725868463,0.73099477,0.734461049,0.736804859,0.738389683,0.739461301,0.740185902,0.740675859,0.741007155,0.741231169,0.741382642,0.741485064,0.741554319,0.741601148,0.741632812,0.741654222,0.7416687,,14.03074665,17.78898811,17.78898811,17.78898811,17.78898811,17.78898811,17.78898811,17.78898811,17.78898811,17.78898811,,547.70039,551.4586315,533.6696434,551.4586315,533.6696434
X107,0.077587229,0.133772336,0.180464288,0.219267067,0.251513645,0.278311772,0.30058203,0.319089458,0.334469831,0.347251503,0.357873556,0.366700884,0.374036729,0.380133093,0.385199402,0.389409697,0.392908611,0.395816342,0.398232776,0.400240924,0.401909771,0.403296646,0.404449192,0.405407001,,4.971866232,6.747514437,7.483486353,7.795767792,7.935386237,8.004640793,8.04522055,8.074114708,8.098246733,8.120438086,,250.642385,275.6844604,285.8751203,315.1241216,324.0425344
X110,1.221237131,0.87915535,0.72964321,0.664296614,0.635735872,0.623252957,0.617797106,0.615412542,0.614370331,0.613914817,0.613715727,0.613628712,0.613590681,0.613574059,0.613566794,0.613563618,0.613562231,0.613561624,0.613561359,0.613561243,0.613561192,0.61356117,0.613561161,0.613561156,,6.45151653,6.435454836,6.419393143,6.40333145,6.387269756,6.371208063,6.355146369,6.339084676,6.323022982,6.306961289,,192.528325,177.0930375,156.6839094,146.7203752,127.2910103
X111,0.253030772,0.310635289,0.35350116,0.385399404,0.409136189,0.426799699,0.439943838,0.449724928,0.457003437,0.462419672,0.466450113,0.469449329,0.471681169,0.473341971,0.474577842,0.475497504,0.476181862,0.476691121,0.477070081,0.477352081,0.477561928,0.477718084,0.477834286,0.477920757,,7.353652472,11.46712677,11.46712677,11.46712677,11.46712677,11.46712677,11.46712677,11.46712677,11.46712677,11.46712677,,351.3674557,355.48093,344.0138032,355.48093,344.0138032
X116,0.327596347,0.466929028,0.576961673,0.663855737,0.732476994,0.786668001,0.829463272,0.863259197,0.889948233,0.911024877,0.927669348,0.940813682,0.951193915,0.959391307,0.965864882,0.970977141,0.975014351,0.978202583,0.980720367,0.98270869,0.984278892,0.985518899,0.986498147,0.987271471,,8.751180215,9.885000488,10.16981557,10.22458692,10.21702635,10.19257653,10.16355045,10.1332844,10.10268237,10.07198931,,304.3258141,276.9883067,239.9380887,218.8837433,183.7078661
X120,0.287603662,0.432938796,0.555932031,0.660017915,0.748103014,0.822647077,0.885731722,0.93911857,0.984298431,1.022532939,1.05488978,1.082272509,1.105445779,1.125056698,1.141652894,1.155697811,1.167583648,1.177642314,1.186154694,1.193358494,1.199454876,1.204614082,1.20898018,1.212675091,,10.50195591,23.26949411,27.46151071,28.83789219,29.28980499,29.43818332,29.48690096,29.50289662,29.50814854,29.50987293,,886.5312814,914.8321918,885.3214759,914.8321918,885.3214759
X123,0.562021205,0.695255626,0.802386085,0.888527003,0.957790757,1.013484006,1.058265552,1.094273271,1.123226175,1.14650648,1.16522559,1.180277158,1.192379746,1.202111134,1.209935899,1.216227596,1.221286593,1.225354405,1.228625231,1.23125522,1.233369928,1.235070312,1.236437548,1.237536909,,13.58591812,14.29431106,14.45846214,14.46585469,14.4280959,14.37733214,14.32282254,14.26723402,14.21133474,14.15534595,,426.8875029,374.5555029,311.2101917,268.6122266,208.6844405
X124,0.269150723,0.336676923,0.395020877,0.445429071,0.488978782,0.526601045,0.559100511,0.587172597,0.611418319,0.632357103,0.650437866,0.666048583,0.679524561,0.691155592,0.701192125,0.709850614,0.717318127,0.723756339,0.729304977,0.7340848,0.738200175,0.741741301,0.744786131,0.747402038,,14.65155201,17.71467925,18.61745268,18.85277115,18.8818752,18.847268,18.79297681,18.73260412,18.67035251,18.60752041,,558.5551962,504.4706159,430.4685175,385.1643202,315.010812
X125,0.315626958,0.405160706,0.466525146,0.508579583,0.537397054,0.557140613,0.570664024,0.579923537,0.586260156,0.590593139,0.593552632,0.595570601,0.596943157,0.597873285,0.598500128,0.598919071,0.599195498,0.599374231,0.599485995,0.599551852,0.59958624,0.599599056,0.599597083,0.599584974,,11.78993589,13.55445615,13.98429692,14.07894197,14.08940489,14.07872604,14.06273757,14.04541563,14.0277588,14.01001786,,427.8275899,413.9296381,384.3183018,380.3281856,351.8007671
X126,0.107601647,0.165370177,0.191219107,0.20278539,0.207960804,0.210276579,0.211312788,0.211776447,0.211983915,0.212076748,0.212118286,0.212136873,0.21214519,0.212148911,0.212150577,0.212151322,0.212151655,0.212151804,0.212151871,0.212151901,0.212151914,0.21215192,0.212151923,0.212151924,,9.189921656,3.79036756,5.522014462,4.966672125,5.144771431,5.087654657,5.105972111,5.10009767,5.101981614,5.101377429,,161.2428733,158.1472484,153.0457242,158.1472484,153.0457242
X130,0.38098174,0.386814059,0.391895555,0.396322886,0.400180264,0.403541063,0.40646921,0.409020402,0.411243167,0.413179784,0.414867091,0.416337183,0.417618022,0.418733973,0.419706262,0.420553383,0.421291451,0.421934503,0.422494772,0.422982915,0.423408217,0.423778767,0.424101615,0.424382901,,6.927838484,7.029528439,7.087587796,7.121288038,7.141388501,7.153896159,7.162164727,7.168066598,7.172647132,7.17648996,,222.5427414,225.8459185,221.2235532,231.3494248,226.5495271
X132,0.356902527,0.342707707,0.336225212,0.333261688,0.331903797,0.331278522,0.330987525,0.330849051,0.330780171,0.330743044,0.330720407,0.33070438,0.330691369,0.330679735,0.330668729,0.330658009,0.330647421,0.330636891,0.330626389,0.3306159,0.330605416,0.330594935,0.330584454,0.330573975,,7.944001249,8.118405603,8.255517053,8.363309943,8.448053467,8.514676272,8.567053114,8.608230209,8.640602401,8.666052443,,267.7361504,271.5460928,262.788668,271.5482916,262.7886693
X133,0.196829112,0.229730754,0.250617403,0.263877041,0.272295119,0.277639818,0.281033562,0.283188858,0.284557997,0.285428092,0.285981397,0.286333606,0.286558163,0.286701686,0.286793769,0.2868532,0.286891903,0.286917448,0.28693464,0.28694653,0.286955055,0.286961443,0.286966474,0.286970645,,5.137356178,5.828245938,6.177451997,6.354582107,6.445052738,6.49188063,6.516729524,6.530509535,6.538715125,6.544113372,,200.6378302,205.882,201.5739402,210.704143,206.2405302
X134,0.638877155,0.512603115,0.434487079,0.386162037,0.356265984,0.337770277,0.326326931,0.319246243,0.314864335,0.312151919,0.310472266,0.309431489,0.308785928,0.30838485,0.308135013,0.307978734,0.307880331,0.307817731,0.307777279,0.307750528,0.307732252,0.30771922,0.307709431,0.307701648,,7.133758368,7.288572716,7.342950544,7.362050505,7.368759279,7.371115705,7.371943388,7.372234108,7.372336222,7.37237209,,228.1763041,228.5441368,221.1717453,228.5441368,221.1717453
X139,0.584217332,0.532563956,0.493026294,0.462762509,0.439597337,0.421865743,0.408293236,0.39790427,0.38995212,0.38386521,0.379206034,0.375639704,0.372909887,0.370820369,0.369220965,0.367996714,0.367059621,0.366342331,0.365793287,0.365373025,0.365051339,0.364805108,0.364616631,0.364472364,,8.703712017,8.707204079,8.708785313,8.709501309,8.709825517,8.709972321,8.710038795,8.710068895,8.710082525,8.710088696,,270.0012451,270.0129079,261.3028141,270.0129079,261.3028141
X140,0.662721051,0.601793518,0.553659987,0.515633881,0.48559277,0.461859908,0.443110643,0.428298484,0.416596688,0.40735212,0.400048793,0.39427907,0.389720916,0.386119916,0.383275079,0.381027622,0.379252102,0.377849419,0.376741281,0.375865838,0.375174227,0.374627845,0.374196196,0.373855188,,11.82452935,11.33221453,11.06700924,10.92485783,10.84938021,10.81002818,10.79024995,10.7810773,10.77765104,10.77733832,,336.9504552,337.8270746,330.0123216,344.19839,336.1781107
X142,0.553832063,0.516240722,0.492755854,0.478085095,0.468921633,0.463199279,0.459627025,0.457398211,0.456008815,0.45514391,0.454606723,0.454274301,0.454069823,0.453945288,0.453870702,0.453827328,0.453803454,0.453791765,0.45378769,0.453788371,0.453792025,0.453797536,0.453804208,0.453811604,,11.36651999,11.24975642,11.18404535,11.14706512,11.12625374,11.11454172,11.10795054,11.10424122,11.10215372,11.10097894,,344.6942569,344.0834725,332.9840056,344.0834725,332.9840056
X143,0.314153769,0.309772093,0.307328489,0.305969041,0.305216069,0.304802359,0.304578433,0.304460672,0.304402299,0.304377148,0.304370581,0.30437441,0.304384055,0.304396953,0.304411671,0.304427407,0.304443712,0.304460336,0.304477138,0.30449404,0.304510997,0.304527986,0.304544992,0.304562008,,6.956393886,6.55755236,6.384278424,6.311805413,6.284377998,6.277080415,6.278778388,6.284496266,6.292010547,6.300327598,,198.294459,205.57748,207.1494924,222.5314709,223.5565803
X148,0.366046878,0.333507953,0.311650087,0.296967171,0.287103993,0.280478451,0.276027775,0.273038055,0.271029725,0.269680639,0.268774397,0.268165634,0.267756699,0.267482,0.267297472,0.267173516,0.267090249,0.267034315,0.266996742,0.266971502,0.266954547,0.266943158,0.266935508,0.266930368,,6.883898391,6.593374692,6.476000432,6.428580146,6.409421912,6.401681809,6.398554735,6.397291368,6.396780957,6.396574746,,199.1073881,198.2894837,191.8930488,198.2894837,191.8930488
X149,0.374408472,0.362531639,0.355681805,0.351731752,0.349454413,0.348141965,0.347386106,0.346951311,0.346701718,0.346558958,0.346477823,0.346432237,0.346407156,0.346393904,0.346387475,0.346384982,0.34638476,0.346385847,0.346387689,0.346389967,0.346392497,0.346395171,0.34639793,0.346400736,,7.772361662,7.617283267,7.535936211,7.493265253,7.470882014,7.459140787,7.452981874,7.44975119,7.44805652,7.447167573,,231.5178314,230.831791,223.3856042,230.831791,223.3856042
X155,0.779302517,0.560624428,0.46238542,0.418267767,0.398470466,0.38960193,0.385644421,0.383893766,0.383134797,0.38282146,0.382708376,0.382685278,0.382702617,0.382738127,0.382781803,0.382829148,0.382878141,0.382927876,0.382977944,0.383028161,0.383078446,0.383128761,0.383179089,0.383229423,,8.309262209,8.012788244,7.869637522,7.805835054,7.783097104,7.781610974,7.791123141,7.806327177,7.824476884,7.844151042,,248.4429871,267.5561228,278.4233263,307.8520849,317.4194187
X157,0.303227182,0.291780371,0.284407818,0.279659285,0.27660075,0.274630656,0.273361571,0.27254397,0.272017146,0.271677598,0.271458665,0.271317412,0.271226191,0.271167192,0.271128945,0.271104064,0.271087791,0.271077063,0.271069905,0.271065046,0.271061669,0.271059246,0.271057437,0.271056024,,6.120425001,6.01283354,5.922343547,5.846236775,5.782227038,5.728391533,5.683113085,5.645031564,5.613003033,5.586065378,,172.9880881,168.7691902,163.3059507,168.7493874,163.3058583
X158,0.606025273,0.554703268,0.522963004,0.503336851,0.49120501,0.483709474,0.479082157,0.476229244,0.474474054,0.473397963,0.472741991,0.472345924,0.472110645,0.471974836,0.471900564,0.471864361,0.47185171,0.471853628,0.47186456,0.471881068,0.471901026,0.471923118,0.47194653,0.471970758,,9.362086948,8.004836682,7.204924465,6.733486315,6.455638415,6.291885322,6.195375413,6.138496105,6.104973582,6.085216669,,195.8116938,187.7626859,181.7058245,187.7626853,181.7058245
X160,0.273986677,0.267924297,0.265102278,0.263790835,0.263183585,0.262904613,0.262778676,0.26272408,0.262702742,0.262696908,0.262698301,0.262703063,0.262709396,0.262716462,0.262723868,0.262731434,0.262739074,0.262746748,0.262754439,0.262762137,0.262769839,0.262777542,0.262785246,0.262792951,,5.830145243,5.987500505,6.112632389,6.212139632,6.291269676,6.354195385,6.4042351,6.44402763,6.475671402,6.500835129,,200.8058786,204.5520448,197.9565732,204.5551283,197.9565757
X161,0.981520727,0.863941507,0.780397658,0.721037632,0.678861416,0.648895153,0.627604667,0.612478754,0.601733076,0.594099772,0.588677966,0.584827539,0.582093654,0.580153129,0.578776325,0.577800073,0.577108433,0.576619024,0.57627331,0.576029699,0.575858637,0.575739124,0.57565624,0.575599382,,12.72468872,12.31539292,11.98143464,11.70894681,11.48661477,11.30520656,11.15718946,11.03641732,10.93787524,10.85747143,,337.59128,325.5547208,315.0316968,325.532712,315.0316567
X163,0.28483539,0.288527332,0.291425404,0.293700311,0.29548605,0.296887806,0.297988146,0.298851882,0.299529891,0.300062109,0.300479886,0.300807829,0.301065255,0.301267328,0.301425949,0.301550463,0.301648202,0.301724925,0.301785151,0.301832426,0.301869536,0.301898666,0.301921532,0.301939482,,5.589405995,5.672104996,5.717889293,5.742614114,5.755324709,5.761181307,5.763127767,5.762843532,5.761286706,5.75900388,,177.4989739,174.8443736,166.2331135,168.704061,160.2908755
X165,0.303902267,0.288545234,0.278758212,0.27252068,0.26854506,0.266010844,0.264395162,0.263364816,0.262707476,0.262287833,0.262019663,0.26184802,0.261737887,0.261666953,0.261620997,0.261590959,0.261571065,0.261557635,0.261548324,0.261541638,0.261536625,0.261532678,0.26152941,0.261526575,,6.511050579,6.651473361,6.756640136,6.835402644,6.894390216,6.938567754,6.971653618,6.996432601,7.014990313,7.028888734,,216.9533941,219.1804708,212.1104092,219.1807562,212.1104092
X166,0.761760977,0.70094206,0.661272957,0.635401296,0.618530633,0.607531926,0.60036389,0.595694857,0.592656092,0.590680861,0.589399443,0.588570648,0.588037127,0.587696235,0.587481007,0.587347758,0.587267989,0.587223109,0.58720099,0.587193719,0.587196135,0.587204869,0.587217726,0.587233272,,12.78635581,12.04999853,11.71702939,11.5680752,11.50306372,11.47634468,11.46709362,11.465811,11.46816336,11.47217391,,359.1139774,361.7967049,355.0681857,372.0108788,364.9528701
X172,0.0739863,0.081239747,0.086508238,0.090334994,0.093114574,0.095133557,0.096600095,0.097665376,0.09843921,0.099001359,0.099409753,0.099706471,0.099922075,0.100078764,0.10019266,0.100275474,0.100335714,0.100379556,0.100411489,0.100434771,0.10045177,0.100464205,0.100473326,0.100480039,,2.591470242,2.595994628,2.599654555,2.602615192,2.605010151,2.606947513,2.60851471,2.609782468,2.610808,2.611637587,,80.94588532,81.06947314,78.45449596,81.06964608,78.4544962
X175,0.514805938,0.445538881,0.402486905,0.37572855,0.359097266,0.348760323,0.34233554,0.338342306,0.335860367,0.334317752,0.333358961,0.332763038,0.332392651,0.332162442,0.332019358,0.331930427,0.331875153,0.331840798,0.331819445,0.331806173,0.331797925,0.331792798,0.331789611,0.331787631,,9.568995617,9.07712976,8.921266978,8.874575322,8.863354575,8.86365872,8.86770743,8.872972791,8.878633455,8.884422557,,277.5965426,282.1271802,278.3798935,293.1912665,289.0870738
X176,0.334657148,0.318948577,0.306834282,0.297491856,0.290287069,0.284730808,0.280445874,0.277141375,0.274592978,0.272627679,0.27111206,0.26994323,0.269041839,0.268346695,0.267810607,0.267397181,0.267078351,0.266832473,0.266642854,0.266496622,0.266383849,0.266296879,0.266229809,0.266178085,,7.079316591,6.808354204,6.640605979,6.536755894,6.472464065,6.432662082,6.408021349,6.392766688,6.383322786,6.377476226,,199.2746453,197.4071989,191.0392241,197.4071983,191.0392241
X177,0.50973659,0.432287628,0.388588906,0.363933726,0.350023843,0.342176985,0.337751181,0.335255705,0.333849414,0.333057694,0.332612746,0.332363463,0.332224585,0.332148001,0.332106568,0.332084968,0.332074559,0.332070464,0.332069933,0.332071412,0.332074025,0.332077278,0.332080893,0.332084711,,7.749053694,7.146434843,6.902045475,6.802934464,6.762740438,6.746439932,6.739829335,6.737148437,6.736061211,6.735620291,,210.5002226,208.7949042,202.0595847,208.7949042,202.0595847
X178,0.602313712,0.528555846,0.486609362,0.462756792,0.449195812,0.44148856,0.437110833,0.4346269,0.433220131,0.432426041,0.431980434,0.431733041,0.431598388,0.431527862,0.431493809,0.431480502,0.431478995,0.4314842,0.431493222,0.431504416,0.431516845,0.431529976,0.431543507,0.431557265,,9.161012477,9.135940398,9.129408568,9.130363127,9.134340623,9.139538755,9.145229768,9.151119802,9.157090199,9.163093047,,285.2635227,290.9658966,287.0926143,302.3588395,298.1180429
X183,0.242866527,0.231725909,0.222925191,0.215972917,0.210480853,0.206142304,0.202714995,0.200007536,0.197868733,0.196179149,0.194844435,0.193790055,0.19295713,0.192299147,0.191779362,0.191368749,0.191044379,0.190788137,0.190585715,0.190425808,0.190299487,0.190199697,0.190120867,0.190058593,,4.395610544,4.457307777,4.492355465,4.512264632,4.52357422,4.529998737,4.533648244,4.53572138,4.536899045,4.537568028,,140.3611955,140.6918827,136.1534349,140.6918827,136.1534349
X186,0.279747003,0.278691012,0.278350111,0.27824196,0.278209566,0.278201829,0.278202118,0.278205019,0.27820877,0.278212797,0.278216915,0.278221063,0.278225219,0.278229379,0.27823354,0.278237702,0.278241863,0.278246024,0.278250186,0.278254347,0.278258508,0.27826267,0.278266831,0.278270993,,6.280286255,6.219417474,6.167012469,6.121894356,6.083049896,6.049606741,6.020813841,5.996024581,5.974682256,5.956307572,,184.2364439,181.1487314,175.2764112,181.1186622,175.2761216
X187,0.351702347,0.340504817,0.332812867,0.327530485,0.323904325,0.321416573,0.319711307,0.318543886,0.317746154,0.317202527,0.316833561,0.316584648,0.316418254,0.31630858,0.316237891,0.316194,0.316168529,0.316155717,0.316151608,0.31615348,0.316159464,0.316168274,0.316179026,0.316191113,,6.952109968,6.888619461,6.861257372,6.85167827,6.850852237,6.854334605,6.859937637,6.866584494,6.873745138,6.881158676,,215.0090051,222.0930574,221.9364565,236.5756193,235.951839
X192,0.264821222,0.252108384,0.244094455,0.239037923,0.235842715,0.233818986,0.232532563,0.231710184,0.231179865,0.230833363,0.230602551,0.230444553,0.230332382,0.230249053,0.230183877,0.230130126,0.230083567,0.230041532,0.230002346,0.229964953,0.229928688,0.229893134,0.229858026,0.2298232,,5.371305775,5.230950326,5.122543341,5.037688112,4.97019476,4.91550023,4.870240731,4.831936546,4.798759675,4.769362558,,145.1921667,125.370259,104.1281657,89.82808817,69.73265014
X194,0.183013081,0.187470096,0.189449073,0.190322828,0.190703648,0.190864616,0.190927529,0.190946708,0.190946382,0.190937357,0.190924451,0.190909815,0.190894407,0.190878655,0.190862749,0.190846775,0.19083077,0.190814752,0.190798728,0.190782701,0.190766672,0.190750643,0.190734614,0.190718585,,4.492896167,4.562342581,4.625850984,4.683929105,4.737041259,4.785612062,4.830029821,4.870649643,4.907796269,4.941766675,,155.553646,163.9002712,159.1179575,164.455339,159.1524916
X195,0.472558289,0.438527616,0.411969214,0.39124236,0.375066596,0.362442618,0.352590544,0.344901735,0.338901193,0.334218217,0.330563503,0.327711272,0.325485318,0.323748127,0.322392378,0.321334318,0.320508581,0.319864154,0.319361227,0.318968731,0.318662416,0.31842336,0.318236795,0.318091195,,8.312397326,7.920497442,7.742860334,7.662342468,7.625846002,7.609303188,7.6018048,7.598405993,7.59686541,7.596167107,,236.7743216,235.4632333,227.8676451,235.4632333,227.8676451
X196,0.622902584,0.592338156,0.567073561,0.546189815,0.528927285,0.514658055,0.502863093,0.493113362,0.485054222,0.478392527,0.472885961,0.468334228,0.464571759,0.461461697,0.458890916,0.456765906,0.455009369,0.453557414,0.452357226,0.451365149,0.450545097,0.449867241,0.449306925,0.448843766,,11.0499552,10.88839013,10.80657319,10.76514088,10.74415946,10.73353442,10.72815387,10.72542915,10.72404934,10.72335061,,333.0647804,332.4016461,321.6790123,332.4016461,321.6790123
X200,0.310099355,0.31293456,0.314071287,0.314531481,0.314722202,0.314805588,0.31484622,0.314869822,0.314886641,0.314900759,0.3149138,0.314926413,0.314938855,0.314951229,0.314963576,0.314975912,0.314988244,0.315000574,0.315012904,0.315025233,0.315037562,0.315049891,0.31506222,0.315074549,,6.441012889,6.148068426,5.922831026,5.749651831,5.61649884,5.514120958,5.43540526,5.374882801,5.328348653,5.292569752,,165.8622198,160.3815137,155.2063815,160.379927,155.206381
X201,0.377025177,0.35724022,0.343987463,0.335110236,0.329163914,0.325180829,0.3225128,0.320725647,0.31952854,0.31872667,0.318189546,0.317829758,0.317588758,0.317427326,0.317319193,0.317246761,0.317198243,0.317165744,0.317143975,0.317129393,0.317119625,0.317113083,0.3171087,0.317105764,,8.475791219,7.924387821,7.780174395,7.744984566,7.738985398,7.74080192,7.744711065,7.749180502,7.753799954,7.758459573,,242.4185812,245.8735087,242.2190947,254.7126204,250.7730737
X205,0.404637299,0.417810939,0.42664909,0.432579221,0.436558803,0.439230058,0.441023755,0.442228832,0.443039094,0.443584533,0.443952343,0.444201009,0.444369759,0.444484906,0.444564098,0.444619175,0.444658075,0.444686125,0.444706898,0.444722789,0.444735406,0.444745827,0.444754775,0.444762734,,9.643284424,9.367767514,9.204421217,9.107577751,9.050161959,9.016121737,8.995940238,8.98397519,8.976881446,8.972675764,,279.6253034,277.963091,268.9965396,277.9630909,268.9965396
X206,0.392797869,0.366433478,0.348238703,0.33568205,0.327016453,0.321036201,0.316909195,0.314061175,0.312095826,0.310739637,0.30980385,0.309158197,0.308712773,0.308405535,0.308193664,0.308047608,0.307946974,0.307877687,0.307830033,0.307797309,0.307774889,0.30775958,0.307749179,0.307742164,,7.325201133,7.463742893,7.568975551,7.648907494,7.709621684,7.755738578,7.79076775,7.817374983,7.837585134,7.852936229,,242.5482336,244.9439965,237.0430373,244.944472,237.0430374
X211,0.242091565,0.252957483,0.26117848,0.267398368,0.272104246,0.275664645,0.278358392,0.280396443,0.281938402,0.283105027,0.283987678,0.284655479,0.285160728,0.285542992,0.285832208,0.286051024,0.286216577,0.286341832,0.286436599,0.286508297,0.286562544,0.286603586,0.286634637,0.286658131,,7.601938659,7.163096002,6.994087085,6.928997664,6.903930155,6.894276051,6.890558022,6.88912612,6.888574659,6.888362278,,214.6958444,213.5351069,206.6468776,213.5351069,206.6468776
X213,0.351918046,0.336008044,0.322726321,0.311638693,0.302382703,0.294655771,0.288205302,0.282820429,0.278325118,0.274572417,0.27143965,0.268824405,0.26664119,0.264818634,0.263297159,0.262027025,0.260966714,0.260081563,0.259342635,0.258725776,0.25821082,0.257780932,0.257422061,0.257122474,,6.576548792,6.490455169,6.420204737,6.362881987,6.316107931,6.277941368,6.246798323,6.221386309,6.200650685,6.183730889,,191.907564,189.3745461,183.2612086,189.3699068,183.2612001
X214,0.537204184,0.511825373,0.491370719,0.474884807,0.461597597,0.450888455,0.442257168,0.435300579,0.429693751,0.425174795,0.421532636,0.418597151,0.416231228,0.414324357,0.412787468,0.411548777,0.410550424,0.409745778,0.409097254,0.408574561,0.408153285,0.407813747,0.407540088,0.407319526,,9.268281973,9.524261231,9.644871493,9.701699672,9.72847552,9.74109155,9.74703587,9.749836667,9.751156324,9.75177811,,301.406969,302.3222952,292.5699631,302.3222952,292.5699631
X215,0.630654492,0.596327481,0.568165738,0.545061955,0.526107702,0.510557709,0.497800555,0.487334637,0.478748439,0.471704357,0.465925419,0.461184401,0.457294889,0.454103949,0.451486114,0.449338453,0.44757652,0.446131037,0.444945169,0.443972287,0.443174139,0.442519341,0.441982148,0.441541437,,10.99097746,10.89753185,10.86769646,10.85854991,10.85613228,10.8559032,10.85638592,10.85710016,10.85788969,10.85870371,,336.9802984,337.5668645,327.4332443,339.128507,328.9445112
X216,0.448999416,0.345650134,0.287915486,0.25566353,0.237647522,0.227584449,0.221964298,0.218826192,0.217074685,0.216097803,0.215553667,0.215251285,0.21508396,0.214992084,0.214942358,0.214916179,0.214903155,0.21489748,0.214895911,0.214896634,0.214898639,0.21490136,0.214904481,0.214907825,,5.014091579,5.099483098,5.11303981,5.116909572,5.119473045,5.121860364,5.124223929,5.126584291,5.12894422,5.131304092,,159.3984281,161.7771889,158.7178439,166.2396885,163.0363919
X217,0.182307908,0.206896422,0.227563256,0.244933888,0.259534037,0.271805574,0.282119895,0.290789161,0.298075745,0.304200175,0.309347805,0.313674428,0.317310987,0.320367543,0.322936602,0.325095915,0.326910835,0.328436288,0.329718444,0.330796105,0.331701888,0.332463205,0.333103099,0.333640934,,4.098781939,4.542065081,4.746690512,4.839084142,4.878699354,4.893494847,4.896618555,4.894253459,4.889307183,4.883147076,,148.45557,143.1056165,131.8668469,129.4192005,118.6219282
X218,0.322878926,0.327934206,0.330524338,0.331854647,0.332541117,0.33289855,0.333087828,0.333191169,0.333250591,0.333287569,0.333313076,0.333332722,0.333349371,0.333364489,0.333378825,0.333392762,0.333406493,0.333420121,0.333433695,0.333447241,0.333460774,0.3334743,0.333487822,0.333501342,,7.334308655,7.275646021,7.231188877,7.197497283,7.171964299,7.152614273,7.137949965,7.126836703,7.118414581,7.112031923,,220.8539761,219.8539494,212.7617076,219.8537644,212.7617075
X219,0.199043795,0.188672058,0.184687521,0.183162894,0.182585656,0.182373288,0.182301442,0.182283716,0.182286833,0.182297977,0.182312213,0.182327639,0.182343524,0.182359586,0.182375715,0.182391871,0.182408037,0.182424207,0.182440378,0.18245655,0.182472722,0.182488895,0.182505067,0.182521239,,3.849304041,3.813693954,3.793189545,3.782569168,3.778416167,3.778494936,3.78134266,3.786002183,3.791847212,3.798467948,,119.5366226,126.9445075,130.2510206,142.2409358,145.0540164
X223,0.368690899,0.379431377,0.385291689,0.388491121,0.390239723,0.391197269,0.391723496,0.392014549,0.392177375,0.392270286,0.392325075,0.39235908,0.392381752,0.392398244,0.392411368,0.392422654,0.392432938,0.392442677,0.392452118,0.392461396,0.392470586,0.392479727,0.392488843,0.392497943,,8.39891664,8.202290585,8.049737533,7.931378684,7.839549533,7.768303547,7.713027085,7.670140637,7.636867028,7.611051576,,237.08465,233.1740338,225.6508414,233.1725356,225.6508409
X225,0.250989917,0.274059088,0.290190726,0.301470977,0.309358673,0.314873972,0.318730262,0.321426416,0.32331129,0.324628842,0.325549666,0.326193061,0.32664245,0.326956173,0.327175024,0.327327532,0.327433646,0.327507318,0.327558303,0.327593423,0.327617448,0.327633716,0.327644558,0.327651606,,8.348617708,8.077667946,7.940287321,7.870630732,7.835312503,7.817404976,7.808325258,7.803721536,7.801387295,7.800203756,,242.8835264,241.7685798,233.9695933,241.7685798,233.9695933
X228,0.472501374,0.439666215,0.416190434,0.399406221,0.387406203,0.378826687,0.372692687,0.368307131,0.36517164,0.362929893,0.361327137,0.360181232,0.359361958,0.358776211,0.358357426,0.358058012,0.357843943,0.357690893,0.357581469,0.357503235,0.3574473,0.35740731,0.357378718,0.357358276,,9.178615763,8.998508026,8.873072646,8.785713631,8.724872762,8.68250036,8.652990254,8.632438048,8.618124538,8.608155946,,268.0984218,266.1438582,257.558547,266.1438319,257.558547
X229,0.514589123,0.511305713,0.50931607,0.508113199,0.507388784,0.506955331,0.506698819,0.506549909,0.506466435,0.506422754,0.506403273,0.506398507,0.506402691,0.506412317,0.506425252,0.5064402,0.506456373,0.506473289,0.506490658,0.506508302,0.506526114,0.506544028,0.506562003,0.506580016,,11.81678078,10.48511402,9.960960781,9.75668063,9.679108938,9.651729132,9.644231389,9.644609348,9.648107039,9.652840521,,303.9196858,305.5806697,300.7960922,316.0645874,310.9418189
X230,0.27534421,0.258942738,0.251179,0.247502539,0.24576013,0.244932893,0.244538704,0.244349428,0.244257116,0.244210685,0.244185965,0.244171518,0.244161932,0.244154646,0.244148449,0.244142767,0.244137329,0.244132006,0.244126738,0.244121495,0.244116265,0.24411104,0.244105818,0.244100598,,6.244657999,7.086756721,7.554935186,7.81522661,7.959939856,8.040395536,8.085126179,8.109994906,8.123821079,8.131507965,,248.1040952,252.3751096,244.2339771,252.3751096,244.2339771
X231,0.259191199,0.24565929,0.237631884,0.232870608,0.230047311,0.228373927,0.227382849,0.226796624,0.226450619,0.226247151,0.226128258,0.226059548,0.226020614,0.225999349,0.225988567,0.225984006,0.225983135,0.225984454,0.225987073,0.225990463,0.225994311,0.22599843,0.22600271,0.226007085,,4.896431454,4.800814432,4.73116739,4.680436773,4.643484802,4.616569139,4.596963882,4.582683494,4.572281718,4.564705108,,142.1720652,140.8760341,136.3315781,140.875964,136.3315781
X232,0.446460959,0.441578764,0.439315241,0.438263957,0.437773844,0.437543508,0.437433429,0.437379019,0.43735038,0.437333671,0.437322483,0.437313853,0.437306406,0.437299506,0.437292861,0.437286332,0.437279858,0.43727341,0.437266973,0.437260541,0.437254111,0.437247683,0.437241256,0.437234828,,10.02740885,10.06486098,10.09235398,10.11253612,10.1273515,10.13822723,10.14621091,10.15207161,10.15637384,10.15953204,,314.6861561,315.215729,305.047515,315.2157655,305.047515
X233,0.27119045,0.246742883,0.22795252,0.213509348,0.202406711,0.193871055,0.187307957,0.182260642,0.178378107,0.175390629,0.173090944,0.171319784,0.16995476,0.168901825,0.168088711,0.167459882,0.166972666,0.166594269,0.166299494,0.166068975,0.165887833,0.165744635,0.165630594,0.165538958,,3.852345775,3.549049624,3.399586479,3.324223837,3.284554994,3.262079656,3.247886334,3.237682413,3.229400163,3.222043573,,99.75507206,92.4072906,83.48228035,80.12275545,71.59402053
X235,0.141862886,0.146966597,0.14871931,0.149321394,0.149528387,0.149599719,0.14962447,0.149633225,0.149636488,0.149637865,0.149638595,0.149639102,0.149639533,0.149639938,0.149640334,0.149640726,0.149641118,0.149641509,0.149641901,0.149642292,0.149642683,0.149643074,0.149643465,0.149643856,,3.544777908,3.490085887,3.449235657,3.418724054,3.395934514,3.37891269,3.366198854,3.356702714,3.349609914,3.344312204,,104.0427623,103.1891023,99.86032423,103.1890017,99.86032422
X241,0.270290532,0.276158615,0.281227198,0.285605208,0.289386734,0.292653044,0.295474333,0.297911234,0.300016119,0.301834221,0.303404616,0.304761051,0.305932678,0.306944675,0.307818793,0.308573816,0.30922597,0.309789271,0.310275825,0.310696088,0.311059092,0.311372639,0.311643466,0.311877394,,6.198635726,6.117734946,6.076050635,6.052792721,6.038192703,6.027660717,6.01904015,6.011317691,6.00401722,5.996915026,,184.874428,177.9548877,165.8766965,164.8569517,153.2012746
X242,0.291366548,0.323737134,0.334400438,0.337923821,0.339098752,0.339501235,0.339649646,0.339714487,0.339751842,0.339780155,0.339805494,0.339829855,0.339853894,0.339877828,0.339901727,0.339925614,0.339949497,0.33997338,0.339997261,0.340021143,0.340045025,0.340068907,0.340092788,0.34011667,,7.997355228,7.952605126,7.936596581,7.935107447,7.940953105,7.950504089,7.961926897,7.974295298,7.987141384,8.000228785,,250.7165915,263.2931152,267.0001768,288.5072502,291.4009526
X243,0.227169767,0.237554544,0.242644191,0.245134074,0.246347545,0.246934334,0.247213439,0.24734148,0.247395352,0.247412809,0.247412388,0.24740319,0.247389681,0.247374056,0.247357393,0.24734022,0.247322796,0.247305249,0.247287642,0.247270005,0.247252354,0.247234695,0.247217033,0.247199369,,5.552359044,5.591619755,5.606929975,5.609796664,5.606198289,5.599240976,5.590538519,5.580929368,5.570849143,5.56052417,,170.1994873,160.2388035,145.3802883,140.2137923,126.0012452
X245,0.193475017,0.208817282,0.219290367,0.226439503,0.231319542,0.234650581,0.236924193,0.238475952,0.239534937,0.240257529,0.240750484,0.241086675,0.241315852,0.241471975,0.241578229,0.241650439,0.241699408,0.241732513,0.241754788,0.24176967,0.241779504,0.241785894,0.241789931,0.241792363,,5.770303857,5.814124882,5.846745704,5.87102898,5.889105701,5.902562199,5.912579354,5.920036228,5.925587201,5.929719403,,183.5236573,184.1943191,178.2526358,184.1943903,178.2526358
X247,0.177604009,0.206581272,0.226764497,0.240823019,0.250615924,0.257437994,0.262190992,0.265502962,0.267811314,0.269420683,0.270543239,0.271326749,0.271874125,0.272257045,0.272525426,0.272714036,0.272847089,0.272941448,0.273008858,0.273057499,0.273093069,0.273119535,0.273139661,0.27315537,,6.68617893,6.510912509,6.416264347,6.365073903,6.337309583,6.322173244,6.313844089,6.309184383,6.306502714,6.304887317,,196.1609377,194.9837042,188.3567883,194.2869915,187.6825501
X248,0.151448045,0.157020097,0.160304654,0.162239201,0.163377013,0.164044616,0.164434717,0.164661043,0.164790715,0.164863344,0.164902309,0.164921406,0.164928777,0.164929228,0.164925596,0.164919553,0.164912087,0.164903783,0.164894982,0.16488589,0.164876624,0.164867257,0.16485783,0.164848368,,4.004536937,4.222857545,4.387980834,4.512869184,4.607326484,4.678767748,4.732801201,4.773668537,4.804577891,4.827955684,,148.2396602,151.9154758,147.0155949,151.9161148,147.015595
X250,1.464921286,1.249155074,1.097055469,0.989838209,0.914261161,0.860989163,0.823441311,0.796978335,0.778329743,0.765189971,0.75593369,0.749415112,0.744826502,0.741598439,0.739329507,0.737736723,0.736620595,0.735840491,0.735297268,0.734921039,0.734662532,0.734487015,0.734370002,0.734294233,,14.81718114,13.17858857,12.27297317,11.77245872,11.49583499,11.34295091,11.25845512,11.21175609,11.18594652,11.17168212,,353.9648209,345.7757988,334.6217407,345.7757988,334.6217407
X252,0.350797209,0.386387149,0.406558605,0.417992337,0.424474359,0.428150225,0.43023583,0.431420227,0.432093904,0.432478155,0.432698386,0.432825667,0.432900272,0.432945025,0.432972862,0.432991112,0.433003928,0.433013666,0.433021659,0.433028664,0.433035108,0.433041234,0.43304718,0.433053025,,10.18495857,10.3693959,10.50246755,10.59847884,10.66775105,10.717731,10.75379157,10.7798093,10.7985811,10.81212497,,333.8857519,336.2634984,325.4163815,336.2635942,325.4163815
X253,0.229992467,0.223697388,0.220394158,0.218657885,0.217742291,0.217256521,0.216995868,0.216853118,0.216772119,0.216723461,0.216691742,0.216668894,0.216650692,0.216634924,0.21662043,0.216606604,0.216593128,0.216579834,0.216566637,0.21655349,0.216540369,0.216527261,0.216514161,0.216501065,,6.084811902,6.577767785,6.790818201,6.881805306,6.919562111,6.934105842,6.938526639,6.938532948,6.936614155,6.933855848,,212.7703905,211.0566653,201.1305016,204.6130379,194.8947331
X254,0.372307338,0.35477612,0.34143333,0.331278298,0.323549431,0.317667086,0.313190107,0.309782735,0.307189426,0.305215691,0.303713506,0.302570212,0.301700065,0.301037807,0.30053377,0.300150155,0.29985819,0.299635979,0.299466857,0.29933814,0.299240175,0.299165616,0.299108869,0.29906568,,7.257391775,7.194849136,7.167985395,7.156446697,7.151490517,7.149361705,7.148447323,7.148054571,7.147885874,7.147813414,,221.7727035,221.5805245,214.4327657,221.5805245,214.4327657
X255,0.492568494,0.462129452,0.444459122,0.434202241,0.428249569,0.4247959,0.42279314,0.421632768,0.420961484,0.420574162,0.420351706,0.420224971,0.420153811,0.420114917,0.420094757,0.420085474,0.420082506,0.420083204,0.420086031,0.420090094,0.420094874,0.420100071,0.42010551,0.42011109,,9.357700534,8.825031815,8.567160232,8.442321377,8.381885328,8.352627481,8.338463392,8.331606379,8.328286814,8.326679771,,260.0817842,258.080323,249.7551513,258.080323,249.7551513
X260,0.328643264,0.313808792,0.306792709,0.303476313,0.301910621,0.301173367,0.300828134,0.300668406,0.300596459,0.300566051,0.3005553,0.300553849,0.3005568,0.300561834,0.300567853,0.300574339,0.300581045,0.300587856,0.300594716,0.3006016,0.300608495,0.300615395,0.300622297,0.300629201,,5.644677472,5.334148331,5.196854622,5.135193513,5.106552727,5.092328236,5.084397732,5.079215112,5.075232186,5.071773032,,157.6159377,153.7131006,145.9608612,147.9393458,140.3733566
X262,0.26067855,0.2578101,0.256261149,0.255421972,0.254964592,0.254712585,0.254571051,0.254488941,0.254438796,0.254405847,0.254382146,0.25436342,0.254347371,0.254332761,0.254318925,0.254305506,0.254292312,0.254279237,0.254266228,0.254253253,0.254240297,0.254227352,0.254214411,0.254201474,,6.100084101,6.428256315,6.594591221,6.678019105,6.718974864,6.738172738,6.746224348,6.748565881,6.747982219,6.745900021,,207.0990644,204.9804522,195.0227242,198.0665111,188.3318134
X263,0.372681886,0.341581194,0.321140179,0.307705747,0.298876728,0.293074836,0.289262669,0.286758343,0.28511366,0.284034017,0.283325774,0.282861651,0.282557988,0.282359795,0.282230927,0.282147627,0.282094278,0.282060615,0.282039893,0.282027677,0.282021051,0.2820181,0.282017564,0.282018616,,6.386100865,6.263049254,6.184854714,6.135165108,6.103589284,6.08352407,6.070773402,6.062670845,6.057521984,6.054250082,,188.4309183,187.504943,181.4563957,187.5049422,181.4563957
X266,0.61551702,0.523508067,0.475547455,0.450555517,0.43754042,0.430770557,0.427257222,0.425441981,0.424512197,0.424044128,0.423816817,0.423715047,0.42367874,0.423676568,0.423692195,0.423717104,0.423746853,0.423779125,0.423812712,0.423846987,0.423881619,0.423916437,0.423951353,0.423986319,,8.673828274,7.957244307,7.559549275,7.338833566,7.216339141,7.148356285,7.110626661,7.089687197,7.078066059,7.071616475,,222.5892119,218.9707638,211.9071907,218.9707637,211.9071907
X269,0.263841636,0.270894474,0.274247138,0.275841984,0.276601755,0.276964811,0.277139404,0.277224463,0.27726699,0.27728931,0.27730203,0.277310191,0.277316185,0.27732115,0.277325626,0.277329869,0.277334003,0.277338084,0.27734214,0.277346184,0.277350223,0.277354258,0.277358293,0.277362327,,6.615039724,6.687544045,6.742438836,6.784001023,6.815468769,6.839293768,6.857332257,6.870989637,6.881329972,6.889158893,,213.0915873,214.3202713,207.4069277,214.320492,207.4069277
X270,0.589226332,0.519690199,0.489432374,0.476271486,0.470552499,0.468072799,0.467003085,0.466547105,0.46635827,0.466285717,0.466263778,0.466263871,0.466273554,0.466287411,0.466303085,0.466319549,0.466336358,0.466353317,0.466370341,0.466387393,0.466404458,0.466421528,0.4664386,0.466455674,,8.618579214,8.378591503,8.232392216,8.142065996,8.085025328,8.047814036,8.0224158,8.004055019,7.989886697,7.97821597,,247.0899342,237.9917952,223.0036029,222.8823177,208.3815281
X271,0.683888192,0.550860803,0.471545541,0.424255714,0.396060802,0.379251084,0.369229697,0.3632558,0.359695187,0.357573475,0.356309698,0.355557457,0.355110215,0.354844827,0.354687868,0.354595558,0.354541796,0.354511017,0.354493941,0.354485036,0.354481003,0.354479874,0.354480478,0.354482114,,7.800443868,7.509964913,7.307285267,7.16586697,7.067193348,6.998344523,6.95030574,6.916787017,6.893399564,6.877081133,,215.2012168,212.0217856,205.1823293,212.0217402,205.1823293
X275,0.60086921,0.549636468,0.52467399,0.512515813,0.506598536,0.503723116,0.502330316,0.501660155,0.501342213,0.501195946,0.501133353,0.501111544,0.501109613,0.501117371,0.501129852,0.501144634,0.501160538,0.501176989,0.501193706,0.501210554,0.501227464,0.501244406,0.501261362,0.501278326,,10.20394519,9.863107369,9.596605001,9.388225798,9.225293317,9.097895799,8.9982832,8.920395736,8.859495234,8.811876904,,275.0380159,267.8794162,259.2347693,267.8759265,259.2347676
X276,0.163452792,0.158620679,0.156174043,0.154934273,0.154305086,0.153984806,0.15382081,0.153735881,0.153690954,0.153666265,0.153651815,0.153642545,0.153635896,0.153630573,0.153625921,0.153621607,0.153617466,0.153613412,0.153609401,0.153605413,0.153601435,0.153597464,0.153593495,0.153589528,,3.565414801,3.596604675,3.613548185,3.622752536,3.627752685,3.630468953,3.631944532,3.632746122,3.633181576,3.63341813,,112.4951865,112.6446836,109.0109841,112.6446836,109.0109841
X282,0.486620271,0.389871601,0.335249203,0.304405413,0.286983705,0.277138229,0.271569235,0.268414147,0.266621611,0.265598183,0.265008886,0.264664638,0.26445871,0.26433086,0.26424708,0.264188177,0.264143315,0.26410638,0.264073918,0.264043982,0.264015471,0.263987765,0.263960513,0.263933517,,6.63383054,6.584961936,6.543255057,6.507660349,6.477282068,6.451355744,6.42922894,6.410344833,6.394228204,6.380473478,,197.5701738,195.3281334,189.0112741,195.3115249,189.0111521
X283,0.35050534,0.322829011,0.30071715,0.283050994,0.268936709,0.257660174,0.248650844,0.241452887,0.235702116,0.231107567,0.227436776,0.224504017,0.222160903,0.220288885,0.218793246,0.217598313,0.216643627,0.215880886,0.215271498,0.21478463,0.21439565,0.214084876,0.213836585,0.213638214,,5.138801399,5.120868502,5.113062683,5.109664973,5.108186019,5.107542262,5.107262047,5.107140076,5.107086984,5.107063875,,158.3746599,158.3184279,153.2113819,158.3184279,153.2113819
X286,0.426788347,0.418791153,0.414293467,0.411766437,0.41034913,0.409556735,0.409116241,0.408873912,0.408743174,0.408675276,0.408642764,0.408630179,0.408628815,0.408633771,0.408642285,0.408652802,0.408664448,0.40867673,0.408689369,0.40870221,0.408715164,0.408728182,0.408741236,0.408754311,,9.087693848,8.964518804,8.89405128,8.853737335,8.830674028,8.817479682,8.809931295,8.805612919,8.803142409,8.801729048,,273.4677254,272.795023,263.9951835,272.7950229,263.9951835
X289,0.321024079,0.323556628,0.324837081,0.325488304,0.325823313,0.325999412,0.326095652,0.326151759,0.326187699,0.326213503,0.326234213,0.326252364,0.326269229,0.326285447,0.326301341,0.326317071,0.326332719,0.326348326,0.326363912,0.326379487,0.326395058,0.326410626,0.326426192,0.326441758,,6.646498968,7.299710573,7.564801166,7.674800767,7.722826873,7.746088716,7.759454898,7.768866828,7.776698662,7.783899098,,240.7774443,249.0864485,247.2552985,261.907835,259.6630919
X296,0.294112242,0.288088146,0.284757542,0.282918592,0.281905717,0.281350323,0.281048281,0.280886546,0.280802512,0.280761508,0.280744336,0.28074036,0.280743693,0.280751074,0.280760697,0.28077156,0.280783111,0.280795043,0.280807186,0.280819445,0.28083177,0.280844129,0.280856509,0.2808689,,6.001993501,5.346581629,5.012799727,4.842803004,4.756211394,4.712092573,4.689602373,4.678126221,4.672258805,4.669247553,,147.3635321,144.5967479,139.8887841,144.5067393,139.801679
X297,0.150552324,0.162685134,0.169212806,0.172725216,0.174615577,0.175633363,0.176181751,0.176477627,0.176637667,0.176724633,0.176772289,0.1767988,0.176813935,0.17682295,0.176828673,0.176832626,0.176835626,0.176838113,0.176840325,0.176842388,0.176844372,0.176846312,0.17684823,0.176850135,,4.18973746,4.245161856,4.288123913,4.321425825,4.347239703,4.367249255,4.3827596,4.394782398,4.404101835,4.411325769,,136.4272782,137.5226973,133.086876,137.5231053,133.0868761
X299,0.340595972,0.305249166,0.285851945,0.275209492,0.269372556,0.266173379,0.264422075,0.263465513,0.262945187,0.262664311,0.262514871,0.262437575,0.262399881,0.262383923,0.262379897,0.26238242,0.262388538,0.262396629,0.262405803,0.262415571,0.262425666,0.262435941,0.262446313,0.26245674,,5.621847078,5.601605567,5.593436177,5.590139046,5.588808337,5.588271268,5.58805451,5.587967027,5.587931719,5.587917469,,173.2820491,173.2251426,167.6372348,173.2251426,167.6372348
X300,0.383135044,0.388053675,0.390230191,0.391197136,0.391630529,0.391828566,0.391922786,0.391971212,0.391999438,0.392018752,0.392034137,0.392047787,0.392060673,0.392073221,0.392085621,0.392097954,0.392110259,0.392122551,0.392134838,0.392147122,0.392159405,0.392171687,0.392183969,0.392196251,,8.716129578,8.672701046,8.657798581,8.65514346,8.657746595,8.662607303,8.668437274,8.674683387,8.681108166,8.687609653,,270.6880635,276.8379543,273.9093645,289.2413991,285.9126983
X302,0.015870301,0.018483517,0.01934086,0.01961174,0.019686741,0.019696318,0.019684043,0.01966447,0.019642459,0.019619634,0.019596537,0.01957335,0.019550132,0.019526903,0.019503672,0.019480439,0.019457206,0.019433973,0.019410739,0.019387506,0.019364273,0.01934104,0.019317806,0.019294573,,0.261458742,0.306070917,0.328236484,0.336727774,0.336888815,0.331975139,0.323969992,0.314081546,0.303045812,0.29131116,,6.321944567,-5.625977678,-17.17856752,-29.87639527,-40.64671365
X303,0.483531003,0.478647786,0.475254577,0.472896732,0.471258332,0.470119854,0.469328758,0.468779048,0.468397069,0.468131644,0.467947207,0.467819047,0.467729992,0.46766811,0.467625111,0.467595231,0.467574469,0.467560042,0.467550017,0.467543051,0.46753821,0.467534847,0.467532509,0.467530885,,9.801201929,10.42902969,10.5612506,10.58304668,10.5802393,10.57195008,10.56243947,10.55265673,10.54281335,10.53295646,,323.6318575,315.2113932,296.0206885,296.5646964,277.975498
X305,0.576194177,0.526920198,0.503535057,0.492440568,0.487181031,0.484691621,0.483517321,0.482967366,0.482713817,0.482600985,0.482554959,0.482540648,0.482541394,0.482549289,0.482560577,0.482573477,0.482587141,0.482601168,0.482615368,0.482629649,0.48264397,0.482658308,0.482672656,0.482687008,,8.944000131,9.335536762,9.335536762,9.335536762,9.335536762,9.335536762,9.335536762,9.335536762,9.335536762,9.335536762,,289.010103,289.4016396,280.0661029,289.4016396,280.0661029
X308,0.515636607,0.425735012,0.371986144,0.339854557,0.320648876,0.309172155,0.302316913,0.298225053,0.29578554,0.294334036,0.293473305,0.292965824,0.292669565,0.292499605,0.292405166,0.292355883,0.292333601,0.292327464,0.292330981,0.29234027,0.292353011,0.292367816,0.292383855,0.292400632,,7.176653619,6.929861025,6.836608764,6.804820201,6.797636157,6.800301543,6.806909751,6.815096311,6.823914699,6.832986015,,214.249678,222.4175271,223.6975073,239.8906546,240.6069855
X312,0.465534219,0.389546111,0.347233894,0.323673482,0.310554672,0.303250078,0.299183023,0.296918733,0.29565828,0.294956795,0.294566561,0.294349642,0.294229231,0.294162557,0.294125807,0.294105718,0.294094908,0.294089264,0.294086497,0.294085331,0.294085058,0.294085281,0.294085781,0.294086435,,6.067587395,5.241023835,4.796232474,4.555330331,4.423317239,4.349457423,4.306654938,4.280438928,4.263081088,4.250454043,,134.0054512,123.3077094,112.737817,109.6837791,99.55336842
X313,0.126035892,0.14226392,0.155849164,0.167222008,0.176742749,0.184713007,0.191385284,0.19697096,0.201646991,0.205561515,0.208838547,0.211581905,0.213878497,0.215801083,0.217410569,0.218757946,0.219885898,0.220830159,0.221620645,0.222282398,0.222836382,0.223300148,0.223688388,0.224013402,,4.964366369,5.429953646,5.671353006,5.797945095,5.865744054,5.903434884,5.925707256,5.940083791,5.950416846,5.958679223,,183.9920111,191.7738208,191.1589744,203.2880596,202.3017862
X314,0.183780387,0.18314601,0.182818431,0.182651686,0.182569254,0.182531022,0.182515961,0.182513046,0.182516499,0.18252329,0.182531832,0.18254129,0.18255123,0.182561422,0.182571745,0.182582139,0.182592568,0.182603016,0.182613475,0.182623939,0.182634405,0.182644873,0.182655342,0.182665811,,4.182569102,4.145992522,4.135673746,4.134818682,4.137374484,4.141159615,4.145387814,4.149775701,4.154221143,4.158687328,,129.8523484,134.0552248,133.8281177,142.5228852,142.0226277
X315,0.35690944,0.349332263,0.346475324,0.345398931,0.344994188,0.344842801,0.344786983,0.344767216,0.344761048,0.34476001,0.344760906,0.344762532,0.344764434,0.34476644,0.344768484,0.344770544,0.344772609,0.344774676,0.344776744,0.344778813,0.344780881,0.34478295,0.344785018,0.344787087,,7.401656569,7.330314408,7.295700242,7.279071715,7.271250726,7.267742772,7.266346906,7.265985324,7.266130231,7.266523164,,225.6488795,225.9788314,219.2665063,227.1719483,220.4211355
X320,0.188328472,0.209249094,0.222000008,0.229772933,0.234512657,0.237404182,0.239169559,0.240248746,0.240909824,0.241316137,0.241567218,0.24172371,0.241822569,0.24188631,0.241928653,0.241957957,0.241979317,0.241995836,0.242009406,0.242021178,0.242031855,0.242041865,0.242051468,0.242060823,,4.9625195,5.462075057,5.654156822,5.730233291,5.762542685,5.778339412,5.787906154,5.795122416,5.801451877,5.80744676,,179.8386726,186.6782792,185.9562374,197.6312782,196.5559139
X323,0.305287865,0.27945964,0.266805162,0.26060613,0.257570418,0.256084808,0.255358783,0.255004973,0.254833557,0.254751519,0.254713277,0.254696498,0.254690235,0.254689125,0.254690541,0.254693194,0.254696453,0.25470001,0.254703712,0.254707485,0.254711294,0.25471512,0.254718954,0.254722792,,5.795800607,5.927036259,5.981562809,6.005372434,6.016881961,6.023466111,6.028077974,6.031900066,6.035405907,6.03878511,,187.4609836,190.9830251,187.8368647,197.213162,193.8660295
X326,0.244782054,0.215697984,0.201415998,0.194404954,0.190965475,0.189280388,0.188457077,0.188057079,0.187865018,0.187775097,0.187735348,0.187720245,0.187717248,0.187720198,0.187726068,0.187733373,0.187741384,0.18774974,0.187758266,0.187766876,0.187775527,0.187784198,0.18779288,0.187801565,,4.464427201,4.423824693,4.423017295,4.427747713,4.433248763,4.438857053,4.444480266,4.450105555,4.455731134,4.461356753,,139.4108077,144.7546518,145.2325943,155.3927097,155.527489
X329,0.382271906,0.341690852,0.31045851,0.286421203,0.267921403,0.253683426,0.242725471,0.234291914,0.227801207,0.222805773,0.218961143,0.216002206,0.213724923,0.211972261,0.210623362,0.209585211,0.208786219,0.208171293,0.207698028,0.20733379,0.207053461,0.206837713,0.206671666,0.206543872,,5.70445984,4.939438685,4.939438685,4.939438685,4.939438685,4.939438685,4.939438685,4.939438685,4.939438685,4.939438685,,153.8876204,153.1225992,148.1831605,153.1225992,148.1831605
X330,0.753710713,0.632351492,0.560611396,0.518205931,0.493142985,0.478332869,0.469584184,0.464418995,0.461372354,0.45957819,0.458524486,0.457908539,0.457551391,0.457347246,0.457233554,0.457173339,0.457144738,0.457134828,0.457135967,0.457143639,0.457155173,0.457168991,0.457184158,0.457200123,,10.53800036,10.08321755,9.992217916,9.977970924,9.979917556,9.985280793,9.991364882,9.997601058,10.00386932,10.01014436,,312.2225575,317.5140019,313.0149285,329.3835169,324.5015558
X331,0.410747882,0.375361826,0.348491829,0.328088404,0.312595297,0.300830783,0.291897535,0.285114175,0.279963308,0.276052056,0.273082092,0.270826883,0.269114417,0.267814075,0.266826675,0.266076904,0.265507574,0.26507526,0.264746988,0.264497717,0.264308437,0.264164709,0.264055571,0.263972698,,6.173686662,6.634129321,6.856343675,6.964880699,7.019173391,7.047581874,7.063638981,7.073802281,7.081153185,7.087162076,,218.9595247,225.2239726,222.3360788,234.2705903,231.0908702
X333,0.229855336,0.23542438,0.238927722,0.241132601,0.24252129,0.243396938,0.243950097,0.244300545,0.244523574,0.244666509,0.244759099,0.244820042,0.244861093,0.24488964,0.244910327,0.244926074,0.244938715,0.244949404,0.244958867,0.244967557,0.244975764,0.244983665,0.244991375,0.244998964,,5.996377547,6.249784507,6.353475532,6.397706053,6.418321509,6.429558113,6.437069854,6.443102246,6.448547106,6.453758625,,200.3270423,205.8709449,203.8578268,215.4352305,213.113587
X337,0.449327953,0.408804916,0.378374742,0.355523654,0.338363968,0.325478156,0.315801747,0.308535391,0.303078828,0.298981304,0.295904328,0.293593719,0.291858601,0.290555641,0.289577201,0.288842457,0.288290712,0.287876387,0.287565255,0.287331616,0.287156168,0.287024418,0.286925482,0.286851188,,7.500041393,7.651704685,7.702094798,7.719118002,7.725147668,7.727555246,7.72876944,7.729590443,7.730281901,7.730930677,,239.4400123,240.3792606,233.1995307,241.5664363,234.3484104
X341,0.605656248,0.509307039,0.434535582,0.376509463,0.331478501,0.296532385,0.269412578,0.248366349,0.232033498,0.219358448,0.209522022,0.201888498,0.19596453,0.191367255,0.187799557,0.185030857,0.182882218,0.181214774,0.179920761,0.178916546,0.178137229,0.177532442,0.1770631,0.176698869,,5.229542536,5.149255689,5.075329346,5.007259612,4.944582514,4.886870836,4.833731206,4.784801416,4.739747952,4.698263725,,142.5013164,131.6128345,126.5533375,130.7051753,126.4835824
X347,0.278296214,0.253651083,0.239140117,0.230596111,0.225565431,0.222603384,0.220859341,0.219832455,0.219227828,0.218871826,0.218662213,0.218538794,0.218466125,0.218423338,0.218398145,0.218383312,0.218374578,0.218369435,0.218366407,0.218364624,0.218363575,0.218362957,0.218362593,0.218362379,,5.347017749,5.271294581,5.244497975,5.235015301,5.231659611,5.230472113,5.230051886,5.229903178,5.229850554,5.229831931,,162.3058568,162.1244737,156.894652,162.1244737,156.894652
X349,0.493201714,0.420340239,0.366057167,0.32561536,0.295485561,0.273038405,0.256314966,0.243855805,0.234573614,0.227658325,0.222506424,0.218668281,0.215808912,0.21367875,0.21209186,0.210909718,0.210029122,0.209373182,0.208884616,0.208520747,0.208249779,0.208048025,0.207897836,0.207786064,,4.99084453,4.78658788,4.745218757,4.737269946,4.73617812,4.736493171,4.737096876,4.737759805,4.738434886,4.73911246,,147.3630229,147.6903966,143.5467593,148.972906,144.7878974
X350,0.413960109,0.365819957,0.338566812,0.323136705,0.314399002,0.309449516,0.306644341,0.305052949,0.304148615,0.303633189,0.303337903,0.303167227,0.303067086,0.303006871,0.302969257,0.302944435,0.302926855,0.302913373,0.302902212,0.302892364,0.302883259,0.302874576,0.30286613,0.302857819,,7.358901653,7.564561249,7.664338801,7.712746753,7.736232295,7.747626511,7.753154514,7.755836474,7.75713765,7.757768927,,239.7333842,240.5092781,232.7509142,240.5092781,232.7509142
X352,0.363651756,0.336151119,0.322488234,0.315701465,0.312331507,0.310659395,0.309830961,0.309421758,0.309220875,0.309123509,0.309077581,0.309057213,0.309049546,0.309048191,0.309049971,0.309053311,0.309057424,0.309061922,0.309066612,0.309071396,0.309076228,0.309081083,0.30908595,0.309090823,,6.847876873,6.526862558,6.355431688,6.263597067,6.214117151,6.187174994,6.172225616,6.163657828,6.158485807,6.155120739,,191.9530473,189.2336926,181.9307082,186.7564376,179.5333647
X353,0.192036646,0.200854912,0.20720766,0.21178423,0.215081226,0.217456408,0.219167508,0.220400198,0.221288237,0.221927987,0.222388869,0.222720891,0.222960083,0.223132398,0.223256536,0.223345965,0.223410391,0.223456804,0.22349024,0.223514328,0.223531681,0.223544182,0.223553188,0.223559676,,4.772289583,5.095382324,5.237545473,5.30009829,5.327621983,5.339732607,5.34506137,5.347406064,5.348437746,5.348891694,,164.7964028,165.8266997,160.4774513,165.8266997,160.4774513
X354,0.161043531,0.170463106,0.176628086,0.18066298,0.183303762,0.185032116,0.1861633,0.186903644,0.187388189,0.187705317,0.187912873,0.188048715,0.188137622,0.188195811,0.188233894,0.188258819,0.188275132,0.188285809,0.188292797,0.18829737,0.188300363,0.188302322,0.188303604,0.188304444,,4.974800685,4.434911488,4.223279209,4.138967403,4.10403918,4.088265286,4.079920751,4.074457828,4.070112592,4.066200872,,126.8014748,121.8751579,114.6158188,114.9975342,107.9600538
X357,0.443899129,0.381008948,0.344756055,0.323857728,0.311810255,0.304864691,0.300860027,0.298550589,0.297218334,0.296449357,0.296005071,0.295747947,0.295598709,0.29551166,0.295460459,0.295429922,0.295411296,0.295399535,0.295391733,0.295386212,0.295382006,0.295378558,0.295375547,0.295372788,,7.203832938,7.552003392,7.71175221,7.785048736,7.818678912,7.83410923,7.841189024,7.8444374,7.845927832,7.846611677,,242.0741204,243.2629352,235.4157438,243.2629352,235.4157438
X358,0.183142506,0.189404588,0.193271243,0.195659173,0.197134271,0.198045867,0.198609608,0.198958614,0.199175061,0.199309679,0.199393782,0.199446702,0.199480373,0.19950216,0.199516612,0.199526536,0.199533665,0.199539067,0.199543405,0.199547085,0.199550359,0.199553382,0.199556251,0.199559024,,4.741829927,4.904042553,5.000487017,5.057828637,5.091921432,5.112191502,5.12424319,5.131408592,5.135668824,5.138201769,,158.412616,159.3994008,154.2574848,159.3994009,154.2574848
X363,0.292378663,0.329187576,0.347406423,0.35642663,0.360895213,0.363111586,0.364213532,0.364764043,0.365041696,0.365184335,0.365260166,0.365302941,0.365329358,0.365347682,0.365362,0.365374337,0.365385694,0.365396565,0.365407196,0.365417708,0.365428162,0.365438586,0.365448996,0.365459399,,8.142902587,8.261067935,8.299799134,8.315310166,8.324033487,8.330772626,8.336931749,8.342921322,8.348861333,8.354786855,,259.8753753,265.788179,262.6307439,276.982025,273.463498
X364,0.35729875,0.341951256,0.332787748,0.327317747,0.324053766,0.322107374,0.320947939,0.320258528,0.319849849,0.319608843,0.319467982,0.319386936,0.319341614,0.31931763,0.319306391,0.319302763,0.319303681,0.319307315,0.31931257,0.319318795,0.319325597,0.319332746,0.3193401,0.319347578,,7.769733439,7.141907785,6.907090874,6.82044147,6.789652428,6.779923199,6.778133691,6.779337523,6.781669869,6.784427673,,212.4986497,213.7709473,209.6340862,219.4728308,215.152038
X367,0.283949828,0.248161995,0.222185567,0.203330701,0.189644986,0.179711276,0.17250094,0.167267351,0.163468577,0.160711254,0.158709865,0.157257166,0.156202731,0.155437375,0.154881845,0.154478616,0.154185934,0.153973492,0.153819292,0.153707367,0.153626127,0.153567159,0.153524357,0.15349329,,4.266490593,4.014380779,3.87001115,3.787338486,3.739996332,3.712886045,3.697361453,3.68847136,3.683380486,3.680465218,,115.3537515,113.9733234,110.2967646,113.9733234,110.2967646
X368,0.473168597,0.424887735,0.391506742,0.368427395,0.352470524,0.341438073,0.333810327,0.328536565,0.32489033,0.322369352,0.320626369,0.319421285,0.318588099,0.318012041,0.31761376,0.317338391,0.317148004,0.317016371,0.316925362,0.316862438,0.316818934,0.316788855,0.316768059,0.31675368,,8.576363263,7.932368538,7.70824969,7.630253308,7.603109515,7.593663109,7.590375633,7.589231546,7.588833389,7.588694825,,236.7622204,235.2472467,227.6586259,235.2472467,227.6586259
X371,0.439815183,0.39592585,0.370306671,0.35535352,0.346627144,0.341535931,0.338566908,0.33683681,0.335829989,0.335245415,0.334907346,0.334713186,0.334603039,0.334541938,0.334509471,0.334493719,0.334487726,0.33448743,0.33449046,0.334495432,0.334501537,0.334508304,0.334515458,0.334522837,,7.870132985,8.166074189,8.302985514,8.368087945,8.400765542,8.41880192,8.430227151,8.438667162,8.445759217,8.452242612,,262.181071,268.8939912,265.6937822,280.206492,276.6413636
X376,0.441973806,0.396859282,0.369365504,0.352611011,0.342401771,0.336181657,0.332392787,0.330085683,0.32868167,0.32782806,0.327309905,0.326996199,0.326807097,0.326693939,0.326627065,0.3265884,0.326566927,0.326555933,0.326551325,0.326550609,0.326552266,0.326555368,0.326559351,0.326563872,,7.515147964,7.274299845,7.200560021,7.178247419,7.171761434,7.170146057,7.1700296,7.170374431,7.170861223,7.171391703,,222.9188954,222.943613,216.255044,223.983478,217.2613651
X377,0.135118034,0.152940941,0.160857713,0.164373005,0.165932638,0.166623337,0.166927951,0.167061021,0.16711787,0.167140854,0.16714879,0.167150041,0.167148321,0.167145281,0.167141654,0.167137767,0.167133764,0.16712971,0.167125633,0.167121546,0.167117454,0.16711336,0.167109265,0.16710517,,3.938988355,3.965115113,3.977356694,3.982918181,3.985265907,3.986067508,3.986125275,3.985825187,3.985352937,3.984797861,,123.3140358,122.8061885,118.2665395,121.6113266,117.1102216
X378,0.276677726,0.325529702,0.346903943,0.356260406,0.360360723,0.36216219,0.362958222,0.363314513,0.363478477,0.363558324,0.363601381,0.363628347,0.363648277,0.363665128,0.363680633,0.363695549,0.363710208,0.363724755,0.363739252,0.363753727,0.363768193,0.363782655,0.363797115,0.363811574,,7.262423263,6.334951098,6.084249439,6.015005523,5.994414601,5.986868667,5.982820395,5.979709926,5.976850903,5.974059299,,186.4072566,182.0219176,173.6185247,176.7897001,168.5550884
X379,0.838489158,0.674131075,0.578174836,0.5221563,0.489456144,0.470370862,0.459234882,0.452740251,0.448955558,0.446753115,0.445474497,0.444735273,0.444310983,0.444070573,0.443937526,0.443867165,0.443833403,0.443821011,0.443821096,0.443828466,0.44384009,0.443854196,0.443869753,0.443886157,,9.591595848,9.739393895,9.769111732,9.781992941,9.792473476,9.802611708,9.812701132,9.822783596,9.832865068,9.842946399,,306.8191322,316.6945979,315.7030393,335.75835,334.1518316
X383,0.389207624,0.346913957,0.322671078,0.308772463,0.300801776,0.296228175,0.293601321,0.29209008,0.291218156,0.290712602,0.290417002,0.290241719,0.290135385,0.290068564,0.290024386,0.289993183,0.289969417,0.289949912,0.289932849,0.289917186,0.289902325,0.289887923,0.289873784,0.289859797,,5.969320619,5.691038703,5.564221147,5.503632287,5.47200232,5.453034801,5.439604014,5.428594195,5.41864296,5.409154597,,166.827109,157.2045002,143.7806185,139.9421114,127.075081
X386,0.411861514,0.392032734,0.376675692,0.364781933,0.355570426,0.348436275,0.342911001,0.338631773,0.335317587,0.332750807,0.330762882,0.329223268,0.328030865,0.327107369,0.326392138,0.325838204,0.325409192,0.32507693,0.324819599,0.3246203,0.324465947,0.324346403,0.324253818,0.324182113,,7.296893462,7.649434562,7.80789506,7.881010415,7.916596036,7.935678305,7.947503378,7.956137167,7.963367619,7.969980965,,247.1175787,254.1111449,251.5220356,265.7010621,262.7380845
X389,0.388371709,0.365404676,0.351392774,0.342850687,0.337649575,0.334489138,0.332575151,0.331422498,0.33073487,0.33033128,0.330101181,0.32997705,0.329917646,0.329897777,0.329902055,0.329921084,0.329949121,0.329982661,0.330019562,0.330058516,0.330098724,0.330139699,0.33018114,0.330222868,,8.318473835,8.294401073,8.304650734,8.324442689,8.346887586,8.370070052,8.393457576,8.416902111,8.440362495,8.463827286,,266.8345936,289.2946871,301.4344367,333.6698155,344.3781094
X393,0.29903525,0.303821823,0.307072398,0.309279872,0.310778974,0.311797018,0.312488374,0.312957876,0.313276716,0.313493241,0.313640284,0.313740141,0.313807954,0.313854006,0.31388528,0.313906519,0.313920942,0.313930737,0.313937388,0.313941905,0.313944973,0.313947056,0.313948471,0.313949432,,7.296660209,7.406993686,7.460701729,7.486845688,7.499572024,7.505766939,7.508782496,7.510250406,7.510964954,7.511312781,,232.4420344,232.8609233,225.3492806,232.8609233,225.3492806
X396,0.176550301,0.187844363,0.193040998,0.19543302,0.196535015,0.197043639,0.197279334,0.197389489,0.197441901,0.197467753,0.197481388,0.197489404,0.197494835,0.197499078,0.197502773,0.197506217,0.197509545,0.19751282,0.19751607,0.197519309,0.197522543,0.197525775,0.197529006,0.197532236,,4.615058467,4.526273781,4.497596314,4.489084851,4.487339094,4.487863234,4.489148926,4.49069012,4.492317034,4.493972707,,139.8284359,141.2286389,138.2011036,144.3869753,141.2575582
X397,0.558743204,0.545416328,0.539358896,0.536618796,0.535392524,0.534857071,0.534636865,0.534560519,0.534549822,0.534569083,0.534602015,0.534641185,0.534683203,0.534726519,0.534770429,0.534814609,0.534858913,0.534903273,0.534947658,0.534992056,0.535036459,0.535080864,0.53512527,0.535169677,,12.0585945,11.8780561,11.81596245,11.80243491,11.80882103,11.82337239,11.84127176,11.86054392,11.88037897,11.90044481,,373.2492234,392.1098491,397.9681688,430.3576998,434.9822179
X398,0.24734634,0.216923755,0.198284595,0.186865476,0.179870281,0.175585749,0.172962119,0.17135617,0.170373783,0.169773471,0.169407266,0.169184506,0.169049638,0.168968625,0.168920609,0.168892813,0.168877405,0.168869588,0.168866422,0.168866106,0.168867536,0.168870036,0.168873192,0.168876749,,3.876366718,3.967545781,4.005647378,4.022436716,4.030668518,4.035464202,4.038880177,4.041742157,4.044381689,4.046931903,,125.6717087,128.3124938,126.4519931,133.0216252,131.009217
X399,0.117077312,0.12219395,0.125434416,0.127485956,0.128784077,0.129604758,0.130122886,0.130449287,0.130654191,0.130782103,0.130861225,0.130909429,0.13093804,0.130954236,0.130962564,0.130965906,0.130966088,0.130964268,0.130961179,0.130957287,0.130952885,0.130948159,0.13094323,0.13093817,,3.580121558,3.203318552,3.080350267,3.03883068,3.023445779,3.016446792,3.012138618,3.008693853,3.005526133,3.002447309,,93.32079964,89.59201591,83.92325824,83.84938446,78.36587297
X402,0.511838585,0.452411669,0.412377566,0.385407811,0.367239109,0.354999408,0.346753895,0.341199143,0.337457077,0.334936161,0.333237896,0.332093827,0.331323103,0.330803889,0.330454111,0.330218476,0.330059735,0.329952797,0.329880756,0.329832224,0.32979953,0.329777504,0.329762667,0.329752671,,7.999995975,7.964042894,7.940475775,7.92502761,7.914901391,7.90826369,7.9039127,7.901060642,7.899191127,7.897965667,,245.0675864,244.764653,236.8690185,244.7646524,236.8690185
X403,0.286019324,0.236838858,0.208450708,0.192064384,0.182605802,0.177146081,0.173994599,0.172175487,0.171125452,0.170519346,0.170169487,0.16996754,0.169850972,0.169783686,0.169744846,0.169722427,0.169709487,0.169702017,0.169697705,0.169695216,0.16969378,0.169692951,0.169692472,0.169692196,,4.510670565,4.065818845,4.065818845,4.065818845,4.065818845,4.065818845,4.065818845,4.065818845,4.065818845,4.065818845,,126.4852359,126.0403842,121.9745653,126.0403842,121.9745653
X405,0.274147859,0.260333699,0.250285342,0.242976215,0.237659589,0.2337923,0.230979253,0.228933055,0.22744466,0.226362008,0.225574492,0.225001657,0.224584979,0.22428189,0.224061424,0.223901058,0.223784409,0.223699559,0.223637839,0.223592944,0.223560288,0.223536534,0.223519256,0.223506688,,5.624845052,5.452320015,5.388266852,5.364485911,5.355656789,5.352378812,5.351161801,5.350709963,5.35054221,5.350479928,,166.3001752,165.8637377,160.5132945,165.8637377,160.5132945
X406,0.360681897,0.332321591,0.316334896,0.30732095,0.302236273,0.299365808,0.297743091,0.296823503,0.29630014,0.296000058,0.295825797,0.29572244,0.295659037,0.295618151,0.295589952,0.295568902,0.295551882,0.295537133,0.295523663,0.295510913,0.29549857,0.295486456,0.295474472,0.295462559,,5.89231578,5.802078581,5.753324949,5.724478149,5.705184095,5.690474143,5.677963976,5.666509427,5.655561439,5.644856537,,173.3295544,162.9628551,148.1162119,143.1439828,128.936658
X407,0.504134541,0.48095002,0.462822046,0.448647783,0.437564928,0.428899244,0.422123547,0.416825629,0.412683188,0.409444213,0.406911659,0.404931456,0.403383134,0.402172502,0.401225909,0.400485767,0.399907051,0.399454553,0.399100744,0.398824101,0.398607794,0.398438664,0.398306421,0.39820302,,9.151421928,9.353844399,9.446250422,9.488433846,9.507690614,9.516481344,9.520494319,9.522326246,9.523162522,9.523544282,,294.5545442,295.239813,285.715948,295.239813,285.715948
X408,0.383887477,0.334245688,0.314858614,0.307286939,0.304329544,0.303174166,0.302722533,0.302545733,0.302476264,0.302448711,0.302437528,0.302432737,0.302430443,0.302429125,0.302428186,0.302427397,0.302426666,0.302425957,0.302425257,0.302424561,0.302423866,0.302423172,0.302422477,0.302421783,,7.5846172,7.855332483,7.970091002,8.018738118,8.039360046,8.048101857,8.051807586,8.053378476,8.054044389,8.054326676,,248.8748672,249.6905662,241.6360318,249.6905662,241.6360318
X410,0.357207904,0.30456356,0.268043118,0.242708151,0.225132774,0.212940381,0.204482272,0.198614712,0.194544267,0.191720518,0.189761626,0.188402703,0.187459991,0.186806012,0.186352334,0.186037609,0.185819277,0.185667816,0.185562745,0.185489854,0.185439289,0.185404211,0.185379876,0.185362995,,4.40589711,4.422896133,4.429961834,4.432898717,4.434119443,4.434626841,4.434837743,4.434925405,4.434961842,4.434976988,,137.4348374,137.4846206,133.0496328,137.4846206,133.0496328
X412,0.046397334,0.04621016,0.04615172,0.046133167,0.046126971,0.046124605,0.046123425,0.046122613,0.046121914,0.046121251,0.046120598,0.046119949,0.046119301,0.046118654,0.046118006,0.046117359,0.046116711,0.046116064,0.046115417,0.046114769,0.046114122,0.046113474,0.046112827,0.046112179,,1.154795726,1.098621476,1.098621476,1.098621476,1.098621476,1.098621476,1.098621476,1.098621476,1.098621476,1.098621476,,34.11344,34.05726575,32.95864428,34.05726575,32.95864428
X414,0.20055401,0.216825537,0.225488657,0.230098713,0.232549664,0.233850442,0.234538511,0.234900186,0.235087987,0.235183164,0.235229,0.235248551,0.2352541,0.23525219,0.235246306,0.235238306,0.235229178,0.235219449,0.235209401,0.235199181,0.235188872,0.235178513,0.235168129,0.235157731,,4.942052467,4.657498425,4.473515338,4.35338915,4.273808502,4.21997199,4.182481556,4.155369963,4.134848349,4.118511002,,127.6635954,116.8900369,104.8298216,99.75826263,88.25068673
X419,0.161284946,0.15992339,0.15885238,0.158009914,0.157347224,0.156825947,0.156415905,0.156093364,0.15583965,0.155640076,0.15548309,0.155359604,0.155262468,0.15518606,0.155125958,0.15507868,0.155041491,0.155012238,0.154989228,0.154971127,0.154956889,0.15494569,0.15493688,0.15492995,,3.681560169,3.703520132,3.71175508,3.714843172,3.716001201,3.71643546,3.716598306,3.716659373,3.716682273,3.716690861,,115.1613592,115.2175764,111.5008804,115.2175764,111.5008804
X421,0.580829195,0.514469504,0.476235098,0.454206665,0.441516221,0.434206386,0.429996895,0.427573841,0.426180144,0.42537957,0.424920757,0.424658868,0.424510449,0.424427412,0.424382048,0.424358392,0.424347245,0.424343304,0.424343516,0.424346121,0.424350105,0.424354884,0.42436012,0.42436562,,9.773848944,9.67883785,9.649440969,9.64177229,9.641298922,9.643208287,9.645906696,9.648866399,9.651912628,9.654987511,,300.0982493,302.8475579,295.9047804,308.6889883,301.5577777
X422,0.286158595,0.313316648,0.326935586,0.333765489,0.337191106,0.338909683,0.339772285,0.340205667,0.340423821,0.340534053,0.340590168,0.340619146,0.340634517,0.340643065,0.340648192,0.340651603,0.340654154,0.340656273,0.340658176,0.34065997,0.340661711,0.340663423,0.340665123,0.340666815,,7.963341913,8.068598613,8.108427785,8.125128361,8.133652989,8.139287424,8.143900178,8.148151767,8.152275686,8.156354472,,253.3593383,257.49747,252.9006098,265.1637902,260.3196293
X423,0.387438587,0.373565048,0.365400541,0.360600346,0.357782728,0.356133436,0.355172634,0.354617557,0.354301572,0.354126484,0.354034425,0.353991296,0.353977,0.353979695,0.353992404,0.354011014,0.354033101,0.354057236,0.35408258,0.354108635,0.354135109,0.354161831,0.354188698,0.354215651,,7.893184431,7.823782997,7.801993282,7.80054996,7.807801467,7.818768623,7.831323623,7.844557173,7.858080695,7.871728134,,246.8305826,259.7811089,263.9730902,285.7632774,289.1171242
X426,0.223910506,0.22728224,0.22920007,0.230285278,0.230893661,0.231228976,0.23140791,0.231497287,0.231535378,0.231544098,0.231535998,0.231518265,0.231495016,0.231468608,0.23144039,0.231411137,0.23138129,0.231351103,0.231320722,0.231290229,0.231259672,0.231229079,0.231198465,0.231167839,,5.455127303,5.472613434,5.477872607,5.476223721,5.47067188,5.462914925,5.45391211,5.444205403,5.434101007,5.423771921,,166.0246623,155.9664998,141.2171935,135.8823667,121.7809357
X427,0.389461368,0.384550884,0.380833735,0.378019919,0.375889909,0.37427753,0.373056987,0.372133058,0.37143366,0.370904228,0.370503457,0.370200081,0.36997043,0.369796589,0.369664994,0.369565379,0.369489972,0.369432891,0.369389681,0.369356972,0.369332212,0.369313469,0.36929928,0.36928854,,7.148242082,7.425112509,7.526943918,7.564458617,7.578340647,7.583539038,7.585546695,7.586381941,7.586786394,7.587032556,,234.5367819,235.3765473,227.9248603,235.6681639,228.20707
X431,0.403164649,0.411856347,0.416017257,0.418011151,0.418968589,0.419430304,0.419654921,0.419766138,0.419823116,0.419854153,0.419872783,0.419885478,0.419895335,0.419903834,0.419911685,0.419919224,0.419926615,0.419933935,0.419941221,0.419948491,0.419955753,0.419963012,0.419970268,0.419977524,,8.331442729,8.036342958,7.828543764,7.681493355,7.576715461,7.501353224,7.446460102,7.405810572,7.375072557,7.351231546,,228.3726025,217.5229201,203.1300964,202.27932,188.3782648
X435,0.390314227,0.370177991,0.354888176,0.343278338,0.334462774,0.327768954,0.322686213,0.318826795,0.315896267,0.313671064,0.311981426,0.310698452,0.309724267,0.30898455,0.30842287,0.307996375,0.30767253,0.307426629,0.307239911,0.307098133,0.306990479,0.306908734,0.306846664,0.306799534,,7.233449977,7.294604576,7.321232456,7.332826742,7.337875116,7.340073274,7.341030394,7.341447142,7.341628603,7.341707614,,227.4029684,227.594825,220.2530565,227.594825,220.2530565
X443,0.445430438,0.411290579,0.395458774,0.388127792,0.384743923,0.383192783,0.382492618,0.382187579,0.382066006,0.38202962,0.382032788,0.382054322,0.382084384,0.382118405,0.382154264,0.382190977,0.382228087,0.382265381,0.38230276,0.382340178,0.382377616,0.382415061,0.382452511,0.382489963,,8.184648995,8.139352177,8.128203647,8.131805831,8.14177974,8.154505983,8.168421125,8.182849826,8.197500363,8.212246725,,257.5206164,271.5755884,276.3746817,299.5987539,303.4938741
X445,0.709111453,0.644237767,0.601248196,0.572764653,0.553896524,0.541402036,0.533132356,0.527663118,0.524050171,0.521667679,0.520100802,0.51907456,0.518406682,0.517976348,0.517703471,0.517534966,0.517435645,0.517382182,0.517359117,0.517356201,0.517366641,0.517385934,0.517411096,0.517440148,,10.14359114,10.36867392,10.48121693,10.54028458,10.57394241,10.59552629,10.61137301,10.62449361,10.63631884,10.64752855,,331.2919006,342.3073723,341.0121798,362.4511327,360.5061416
X446,0.33390561,0.312737431,0.297410187,0.286312189,0.27827646,0.27245803,0.268245079,0.265194608,0.262985853,0.261386559,0.260228559,0.259390085,0.258782972,0.258343379,0.258025083,0.257794615,0.257627739,0.25750691,0.257419421,0.257356073,0.257310204,0.257276992,0.257252944,0.257235532,,5.947711478,6.05498788,6.107366693,6.13294119,6.145428203,6.151525116,6.154501997,6.15595549,6.156665173,6.157011683,,190.4679677,190.8776111,184.7202688,190.8776111,184.7202688
X449,0.195641082,0.220882484,0.239570901,0.25340757,0.263652065,0.271236961,0.276852722,0.281010561,0.284088973,0.28636819,0.288055694,0.2893051,0.290230145,0.290915037,0.291422122,0.291797561,0.292075532,0.292281338,0.292433714,0.292546531,0.29263006,0.292691904,0.292737692,0.292771593,,7.100820412,7.051864539,7.03049989,7.021176224,7.017107318,7.015331622,7.014556697,7.014218515,7.01407093,7.014006523,,217.586781,217.4326562,210.4186995,217.4326562,210.4186995
X450,0.668331792,0.530200473,0.437606746,0.375538286,0.333931862,0.30604178,0.287346189,0.274813952,0.266413203,0.260781919,0.257007094,0.254476711,0.252780517,0.251643505,0.25088133,0.250370421,0.250027942,0.249798368,0.249644478,0.24954132,0.24947217,0.249425817,0.249394745,0.249373916,,8.049196208,6.766570555,6.2841004,6.102615296,6.034348186,6.008668953,5.999009499,5.995376016,5.994009252,5.993495132,,189.0844642,185.7887391,179.795554,185.7887391,179.795554
X455,0.409892921,0.434432069,0.445824971,0.451122606,0.453594167,0.454755417,0.45530914,0.455581183,0.455722624,0.455803512,0.455856325,0.45589612,0.45592988,0.455960841,0.455990505,0.456019568,0.456048351,0.456077006,0.4561056,0.456134166,0.45616272,0.456191268,0.456219812,0.456248356,,10.07658659,9.531475379,9.314783986,9.231367374,9.20203449,9.194649114,9.196170173,9.201305517,9.207907561,9.2151048,,288.6394071,294.3811209,291.8423686,308.7597741,305.7571942
X457,0.240831734,0.256704782,0.265444495,0.27025754,0.272909081,0.274370785,0.275177522,0.275623721,0.275871456,0.276009942,0.276088291,0.276133536,0.276160558,0.27617755,0.27618902,0.27619745,0.276204208,0.276210044,0.276215373,0.276220423,0.27622532,0.276230132,0.276234897,0.276239637,,7.252583679,6.90945712,6.791949258,6.753942584,6.743949718,6.743828069,6.747184737,6.751767059,6.756781264,6.761947651,,211.4259328,215.6397999,213.4866848,225.5660155,223.0926999
X459,0.099805243,0.10934649,0.113941269,0.116152224,0.117214358,0.117722847,0.117964521,0.11807761,0.118128731,0.118149989,0.118156854,0.118156783,0.11815337,0.118148346,0.118142545,0.11813637,0.118130015,0.118123574,0.11811709,0.118110586,0.118104072,0.118097554,0.118091033,0.118084512,,3.151084205,3.416373241,3.566727113,3.651940912,3.700236254,3.727607878,3.74312088,3.751912952,3.756895901,3.759720013,,115.2524891,116.6658466,112.9024323,116.6658467,112.9024323
X460,0.258981254,0.227029286,0.204273162,0.188066298,0.176523804,0.168303264,0.162448613,0.158278943,0.155309313,0.153194348,0.151688075,0.150615311,0.14985129,0.149307156,0.148919625,0.148643626,0.148447061,0.148307067,0.148207364,0.148136355,0.148085783,0.148049766,0.148024114,0.148005846,,4.280215945,3.812074243,3.645893395,3.58690255,3.565961992,3.558528516,3.555889783,3.554953086,3.554620577,3.554502543,,111.3127677,110.1875651,106.6331275,110.1875651,106.6331275
X462,0.269248313,0.264860768,0.262010121,0.26015859,0.258956571,0.258176791,0.257671504,0.257344659,0.257133819,0.256998391,0.256911988,0.256857454,0.25682364,0.256803294,0.256791704,0.256785806,0.256783608,0.256783816,0.256785588,0.256788376,0.256791825,0.256795704,0.256799862,0.256804202,,5.698558088,5.624129155,5.559673293,5.503854164,5.455514492,5.413652072,5.377398988,5.346003619,5.318815057,5.295269614,,163.5334348,159.4833509,154.2934157,159.4359717,154.2928688
X468,0.204524576,0.205973949,0.206957267,0.207624394,0.208077002,0.208384072,0.208592401,0.208733741,0.208829633,0.20889469,0.208938827,0.208968772,0.208989088,0.209002871,0.209012222,0.209018566,0.20902287,0.209025791,0.209027772,0.209029116,0.209030028,0.209030646,0.209031066,0.209031351,,5.414899329,5.138018763,5.054879415,5.029915037,5.022418946,5.020168083,5.019492213,5.019289268,5.01922833,5.019210032,,156.1607686,155.5952676,150.5760654,155.5952676,150.5760654
X470,0.374312518,0.371665697,0.36924958,0.367044059,0.365030776,0.363192977,0.361515364,0.359983977,0.35858607,0.357310008,0.356145171,0.355081864,0.354111238,0.353225214,0.352416419,0.35167812,0.351004173,0.350388969,0.349827388,0.349314756,0.348846806,0.348419644,0.348029715,0.347673772,,8.50350475,8.390949205,8.325135889,8.286653621,8.264152326,8.2509954,8.243302302,8.238804005,8.236173767,8.234635818,,255.8592339,255.2065817,246.9741113,255.2065817,246.9741113
X472,0.320002354,0.324999999,0.32777389,0.329312963,0.330166361,0.330639014,0.330900245,0.331044077,0.331122719,0.331165161,0.331187503,0.331198683,0.331203666,0.331205206,0.331204836,0.331203404,0.331201383,0.331199035,0.331196505,0.331193875,0.331191188,0.33118847,0.331185735,0.33118299,,7.450672933,7.002808838,6.672972662,6.430059905,6.251163191,6.119412045,6.022381954,5.9509227,5.898295469,5.859537362,,184.7361552,178.2884811,172.5367646,178.28799,172.5367645
X473,0.219012206,0.201414161,0.196164486,0.194598869,0.194132367,0.193993779,0.193953023,0.193941453,0.193938591,0.193938328,0.193938839,0.193939582,0.193940393,0.193941225,0.193942064,0.193942904,0.193943744,0.193944585,0.193945426,0.193946267,0.193947108,0.193947949,0.19394879,0.193949631,,4.349964807,4.303026156,4.265564812,4.235667228,4.211806218,4.192762946,4.17756467,4.165435055,4.15575451,4.148028549,,128.792514,127.6432425,123.5246957,127.6421846,123.5246947
X481,0.254023049,0.252118191,0.250619502,0.249440374,0.248512669,0.247782777,0.247208517,0.246756705,0.246401232,0.246121556,0.245901515,0.245728392,0.245592184,0.245485019,0.245400705,0.245334369,0.245282177,0.245241114,0.245208807,0.245183389,0.24516339,0.245147656,0.245135277,0.245125537,,5.699989478,5.811330718,5.844302044,5.854065797,5.856957124,5.857813328,5.858066875,5.858141957,5.858164191,5.858170775,,181.3786456,181.6033799,175.7452064,181.6033799,175.7452064
