meter_id,X2018_7_1_1h,X2018_7_1_2h,X2018_7_1_3h,X2018_7_1_4h,X2018_7_1_5h,X2018_7_1_6h,X2018_7_1_7h,X2018_7_1_8h,X2018_7_1_9h,X2018_7_1_10h,X2018_7_1_11h,X2018_7_1_12h,X2018_7_1_13h,X2018_7_1_14h,X2018_7_1_15h,X2018_7_1_16h,X2018_7_1_17h,X2018_7_1_18h,X2018_7_1_19h,X2018_7_1_20h,X2018_7_1_21h,X2018_7_1_22h,X2018_7_1_23h,X2018_7_1_24h,X2018_7_1_d,X2018_7_2_d,X2018_7_3_d,X2018_7_4_d,X2018_7_5_d,X2018_7_6_d,X2018_7_7_d,X2018_7_8_d,X2018_7_9_d,X2018_7_10_d,X2018_7_m,X2018_8_m,X2018_9_m,X2018_10_m,X2018_11_m
X5,6.478950574,6.454945436,6.445795966,6.390893306,6.28564704,6.193452291,6.188333336,6.283998398,6.417990249,6.505529938,6.510512402,6.466827195,6.434320592,6.437973469,6.452127584,6.442104782,6.414964862,6.421686866,6.504444987,6.642184126,6.753651613,6.761526869,6.659135347,6.515425506,154.0762894,152.5804269,155.0103787,144.2804182,152.0937161,154.5963681,156.4244848,157.109318,155.6134554,158.0434072,3892.85064,4323.803952,4569.473069,5139.722669,5371.492472
X7,1.740804295,1.744283217,1.685580876,1.621687428,1.62532397,1.725636638,1.895172474,2.085365286,2.267359523,2.437302938,2.588769362,2.691790612,2.709129643,2.636106754,2.518838944,2.422989008,2.376022042,2.338467699,2.237501399,2.037336666,1.782242805,1.569375208,1.472389856,1.483207121,43.84078572,36.04941945,32.7621378,32.09330264,37.4917081,41.66752523,45.30138063,44.85935511,37.06798885,33.7807072,909.7264313,1062.761633,1139.64334,1335.736813,1421.543287
X10,3.933583736,3.982067405,3.897120485,3.748701788,3.681511443,3.811158016,4.152658699,4.629966298,5.14186658,5.617836493,6.021686324,6.320038013,6.465092647,6.41699148,6.180614136,5.811169384,5.37516527,4.903740128,4.388369124,3.827090803,3.273565029,2.830633978,2.580790991,2.511564322,109.0109135,55.88440341,74.63851193,67.10025823,71.41043635,99.57838043,109.7578594,110.9130844,57.78657431,76.54068282,2064.685214,2363.58709,2487.457481,2881.356287,3008.982802
X16,4.142912478,4.176482315,4.220600239,4.199914386,4.137525279,4.081409385,4.058673939,4.104656416,4.304049113,4.75342353,5.446285136,6.194236036,6.698597177,6.753987661,6.421593052,6.005743619,5.826856238,5.968591887,6.212850822,6.220793089,5.807511078,5.081944467,4.347931914,3.869024962,119.4536464,106.9367483,108.1137788,100.2485744,108.4237087,115.4221909,123.0038296,122.9111895,110.3942914,111.5713219,2501.23094,3002.260417,3327.857176,3929.655326,4251.761507
X18,2.616019409,2.620133251,2.621613254,2.627471507,2.640593852,2.655211477,2.659837193,2.646073344,2.6160379,2.58184496,2.557268918,2.548409392,2.550805777,2.554615802,2.55268041,2.544647282,2.534800187,2.527099541,2.522601753,2.520884232,2.522550439,2.529151523,2.540426442,2.552453671,63.4898193,61.43850624,61.21680303,57.09286285,62.04219474,63.69429575,63.88668743,63.59755917,61.5462461,61.3245429,1884.189253,1905.499157,1849.538863,1935.289518,1884.385369
X20,1.07369221,1.090914835,1.088644792,1.067343979,1.051159935,1.053759855,1.06112359,1.05070205,1.024359034,1.015239993,1.055549048,1.1359058,1.201080033,1.193916333,1.11005663,1.010344217,0.974089056,1.031902953,1.138194738,1.208788862,1.190272865,1.09986891,1.00343374,0.956206774,13.21437801,15.03390432,13.15811595,13.39665416,14.63935919,14.02125071,19.42774925,15.16699405,16.98652036,15.11073199,37.67019748,203.3147444,434.2151845,717.3993226,947.4940987
X26,1.226892744,1.155842617,1.200066242,1.351537208,1.530530619,1.642067472,1.64820829,1.592064464,1.552258148,1.570346597,1.617737888,1.63008797,1.573426464,1.478297156,1.411427772,1.414870527,1.471232832,1.524644736,1.531762327,1.491043757,1.425808622,1.346683676,1.239274255,1.092719301,35.62644811,24.94896538,35.13683407,34.85870335,35.95516307,34.81443599,33.1837952,35.38754645,24.71006371,34.89793241,1109.423641,1064.586118,1008.570721,1010.515755,936.5583613
X30,3.378290141,2.519797331,2.146438342,2.087147973,2.115795612,2.055616234,1.863681128,1.67120445,1.737133909,2.299694703,3.39170416,4.751781621,5.930724671,6.555501875,6.574362737,6.292889633,6.154929056,6.418378075,6.962898303,7.368972846,7.203492996,6.301412137,4.855632675,3.28378054,100.9594044,109.771652,120.328793,118.083659,108.4954493,121.9464596,137.6887934,107.646078,116.4583255,127.0154666,1778.800466,2701.442412,3494.135948,4519.868457,5218.363029
X31,0.279899421,0.250081676,0.269486356,0.322165232,0.38451336,0.440860623,0.487646851,0.526352526,0.555589018,0.571225902,0.573001173,0.568367857,0.567510512,0.573820234,0.580191615,0.5762403,0.559927849,0.541315498,0.53305877,0.535733769,0.532724427,0.501755107,0.434663828,0.348286014,11.70804844,11.70867358,11.6040981,10.56898442,11.25756389,11.30312984,11.61388304,11.618886,11.61951114,11.51493566,376.7041293,366.3033847,341.4089327,341.4626599,319.2920127
X32,0.187613567,0.092492837,0.064938772,0.125018392,0.255891428,0.409540436,0.533300393,0.598759285,0.612406522,0.602225526,0.593375159,0.592859657,0.592772981,0.584816276,0.570748724,0.560152643,0.560166004,0.568389546,0.574848162,0.568822598,0.542655276,0.490494448,0.407739281,0.296895877,11.16948972,11.69366912,11.44375852,10.5183152,11.7491077,11.43100888,11.63281256,11.092148,11.6163274,11.3664168,373.519881,363.6444345,340.669404,343.1564684,321.3069574
X35,0.005793053,0.005813302,0.0058515,0.00586732,0.005845539,0.005812818,0.005812576,0.005861638,0.005930905,0.00596955,0.005950215,0.005892556,0.005843683,0.005835585,0.005860544,0.005886194,0.005892137,0.005889909,0.005906805,0.005952005,0.006001696,0.006020072,0.005995581,0.005954995,0.142898396,0.145997967,0.141597622,0.131253024,0.142616118,0.142252054,0.142160743,0.142607585,0.145707156,0.141306812,4.451131709,4.426001874,4.228535965,4.343745596,4.168389269
X37,7.066620917,6.038513822,4.843093715,3.912286085,3.461877371,3.384255529,3.41175903,3.370292876,3.281955778,3.250841251,3.290214428,3.294316621,3.186174482,3.069775177,3.196997975,3.750226685,4.645393841,5.561873728,6.191817852,6.480859121,6.628969401,6.847396267,7.107040146,7.12876676,112.1347709,110.3259418,110.6230629,111.7968004,112.5084536,111.582664,122.0606056,116.2634768,114.4546476,114.7517688,2364.622991,2943.017813,3378.291648,4055.270093,4460.053433
X41,3.083715148,3.118197652,3.090942602,2.848550222,2.339541596,1.685114456,1.104127008,0.759654865,0.665841632,0.730722497,0.877645204,1.11704667,1.499762558,2.009829867,2.519364048,2.865024073,2.978983575,2.946150298,2.927210115,3.017565223,3.175120619,3.281617346,3.270286525,3.188564953,44.48429942,33.25228191,30.58091458,30.51629436,38.16781096,35.62133381,37.42718335,42.07804038,30.84602287,28.17465554,1767.163655,1445.094541,1066.110201,793.790608,452.3097038
X42,1.903935017,1.851669078,1.794368211,1.722138964,1.633090928,1.541593928,1.468144572,1.42155855,1.393832297,1.375101389,1.373526843,1.416753569,1.528159496,1.697384677,1.874191415,1.996175721,2.030208644,1.993526918,1.937005757,1.905524857,1.908828316,1.924558172,1.925378482,1.902595739,19.26585463,20.8688941,17.58880459,17.97166786,20.69821833,20.89681477,24.82663828,21.2442618,22.84730128,19.56721176,86.23984766,362.6113375,600.0712283,896.0389889,1122.988185
X43,0.078745077,0.147715976,0.17736063,0.118155063,0.013949247,0.038829639,0.029081461,0.208577248,0.426231683,0.601971507,0.697185453,0.719695801,0.697097736,0.654025287,0.612060884,0.597501688,0.631843675,0.704533428,0.758411567,0.716967554,0.543853841,0.285985178,0.05507603,0.047500546,8.611685045,19.35390675,21.18459186,17.47405732,20.71508981,19.43029879,17.94070101,8.933405116,19.67562682,21.50631193,467.939457,500.6714331,536.8565314,599.3944613,610.4541325
X44,1.771859117,1.746207629,1.575673458,1.591710741,2.004026789,2.514983377,2.412103242,1.163944684,0.995301712,3.079288899,4.035084853,3.543307374,2.234680139,1.131052707,0.809067559,1.015152238,1.024202738,0.354998426,0.82775171,1.942310769,2.553235529,2.698257425,2.708879624,2.789114262,7.415585729,32.96959634,87.94362908,22.47056096,75.32733116,34.93116279,25.88437186,-9.125762565,31.2594195,86.23345224,1688.78021,1374.053758,1202.27881,998.8437892,669.352299
X47,0.520036385,0.522880025,0.52634581,0.523347834,0.515077969,0.506791647,0.502284996,0.501988754,0.504490271,0.507911783,0.509240813,0.503753421,0.487720024,0.463759321,0.443532892,0.442768653,0.469999679,0.517374138,0.562226391,0.580219164,0.561083885,0.515077911,0.465286142,0.432018777,3.492232936,3.945779346,4.140917807,4.047520423,3.682441934,3.679635244,6.753870016,3.85886385,4.31241026,4.507548721,30.49281744,83.07881446,126.4247672,181.4808186,221.7316407
X50,8.715322162,7.752934156,6.950859135,6.464685949,6.165114489,5.827358033,5.401902695,5.077400458,5.068771843,5.357563411,5.67182011,5.750701088,5.636899814,5.68863053,6.266676265,7.376695398,8.608859677,9.445530344,9.661087268,9.451980081,9.193193857,9.068553462,8.927704466,8.487285763,168.1656445,144.9036572,148.411058,146.992659,141.9919913,143.5981668,176.5737348,178.203344,154.9413567,158.4487576,1954.763098,3397.02585,4557.875964,6069.687875,7205.418821
X51,18.28280724,17.11825123,15.9127378,14.43400218,12.65470325,10.86021774,9.493929342,8.850101106,8.868135559,9.20542473,9.53000297,9.787933169,10.22838724,11.18067557,12.77872752,14.84717651,17.00304426,18.85069789,20.11188953,20.64196615,20.40343983,19.47440169,18.07422089,16.51924608,347.3143811,267.2092897,279.2556857,255.9606827,258.7282176,289.0730107,358.3920332,343.6353189,263.5302275,275.5766235,10038.2175,9700.68043,8766.307695,8644.290254,7881.700702
X55,11.54583512,7.143779617,4.625047991,4.056892324,4.203515434,4.073571462,4.051819581,5.450674099,8.947167111,13.52991197,17.09805508,18.205823,17.2806076,16.13169358,16.23210953,17.44387946,18.38901123,18.01839062,16.7490131,16.00396275,16.62694013,17.80618318,17.65818411,14.96680073,296.7970196,298.5243924,317.0821213,288.85389,308.4085455,315.736505,322.7809152,309.8482625,311.5756352,330.1333641,5916.656044,7722.815797,9172.567081,11262.42357,12581.3781
X59,1.042713336,0.846652185,1.030767305,1.336695677,1.490564103,1.43678397,1.436860282,1.916558089,3.135868653,4.920539636,6.679452588,7.728949796,7.708918957,6.799201294,5.592008641,4.72525779,4.534627388,4.933011426,5.540791953,5.930979663,5.829035982,5.193722228,4.196199595,3.138239802,115.6152469,69.97270322,70.38186665,113.9425446,72.15626828,72.26271552,47.10006249,119.7359279,74.09338423,74.50254765,1370.899885,1913.880346,2421.80868,2981.17457,3502.690642
X61,1.060174634,0.796292445,0.84232114,0.950221923,0.929814188,0.865391245,1.058035426,1.730981509,2.773564956,3.776006021,4.338248728,4.377937308,4.163479642,4.055571201,4.205340475,4.478397956,4.642128131,4.603647754,4.460674234,4.338739688,4.212185758,3.91471051,3.335147253,2.587778293,69.06513534,68.65715562,63.85984406,66.96141277,68.1319918,67.1433382,46.68816884,69.81025009,69.40227037,64.60495881,1805.136206,1884.872913,1931.359214,2082.346833,2133.480313
X62,0.561680159,0.573262851,0.577995267,0.559068357,0.528030119,0.512982115,0.530854002,0.571631939,0.610002029,0.631961488,0.648753058,0.683399049,0.74321137,0.806566176,0.83864663,0.822031277,0.772676828,0.725544335,0.703539406,0.699543951,0.688193427,0.654744004,0.611906726,0.588053254,8.322598885,12.90448589,9.174818457,10.93990306,10.75721217,11.43989575,12.61829204,9.015982946,13.59786995,9.868202517,147.3248134,243.5069301,323.3567784,430.970921,506.1357655
X67,0.040621248,0.193861269,0.27746969,0.259942009,0.226662079,0.273902249,0.379834883,0.396313126,0.184283562,0.235215411,0.66883752,0.901845163,0.875959666,0.726649728,0.644541688,0.693910772,0.761190053,0.678964945,0.400988913,0.057196143,0.162041548,0.17651087,0.076479133,0.020983631,5.866485466,16.22926444,17.0441023,17.92355684,17.95837238,17.86860516,15.94409555,5.427623861,15.79040283,16.60524069,802.6644519,754.0112673,669.4782233,663.6281578,677.8611001
X68,2.455103051,2.785345772,2.844943534,2.592145691,2.283778137,2.246901285,2.66767162,3.533526859,4.694067496,5.92569477,6.954484873,7.499534307,7.398796749,6.758911462,5.971198382,5.499735838,5.550070661,5.879755358,5.942009344,5.289382771,3.930316567,2.347702636,1.157750784,0.681264701,85.06704143,29.8855332,87.46581541,86.07130515,89.41576578,88.50301063,85.62788035,84.32824952,29.14674128,86.72702349,3955.368283,3756.477799,3396.70481,3281.511438,3114.12663
X70,1.872820469,1.849880741,1.721889828,1.641338849,1.726166588,1.888868819,1.864146809,1.442123389,0.693519962,0.044027164,0.431455524,0.411850463,0.247510234,0.270075675,0.572031372,0.923260427,0.984508791,0.6138418,0.015240844,0.577229921,0.867947499,0.930109662,0.938089206,0.989122215,20.30749837,7.731052972,9.859336081,10.49517259,9.303774574,8.834422502,20.40001136,22.38297864,5.655572705,7.783855813,500.6182302,701.303612,774.8951721,972.6844703,1138.319584
X73,0.065044329,0.060732005,0.064040828,0.071751853,0.075412676,0.07017259,0.061548058,0.062872852,0.084835046,0.126173625,0.17382906,0.21228536,0.233681278,0.240195872,0.237981906,0.229755255,0.213518677,0.187883534,0.15743032,0.131642389,0.117881846,0.115384913,0.116546494,0.114469888,4.92557991,6.001484912,5.803212441,6.114585409,5.78187409,6.173913267,5.104249003,5.157165421,6.233070423,6.034797952,102.1088611,71.4295774,38.05870756,13.60709567,0.389839501
X75,1.780008109,1.632980472,1.842845737,2.184243641,2.384353987,2.357841247,2.254183326,2.289488187,2.535360143,2.864263214,3.087006064,3.131416042,3.084710609,3.072675002,3.116681282,3.123482435,3.013249666,2.837904863,2.747300587,2.822970101,2.950762214,2.882433403,2.453262475,1.757204788,67.32260223,15.64464065,22.63031723,24.08799605,16.4504478,19.77146179,36.84569649,66.94063477,15.26267319,22.24834977,820.7210874,837.2565572,901.7417931,1023.14191,1024.588597
X76,1.094481096,1.046815619,1.08736437,1.17336896,1.212633198,1.158885668,1.074104134,1.088171458,1.284338799,1.614979036,1.929245848,2.09143796,2.084017276,2.004098532,1.962386859,1.982504323,1.99222159,1.905853375,1.711000552,1.475634192,1.275971285,1.124381079,0.971290112,0.774350262,37.75436348,1.262971231,5.82470879,9.894459446,0.099393538,0.625125957,19.06863802,37.03670296,0.545310711,5.10704827,461.3415556,482.4653203,542.2599172,639.9266712,660.8065852
X80,6.583224587,4.699531685,2.921641041,1.778138209,1.467316801,1.617408325,1.570259577,1.00816931,0.355720356,0.526356408,2.163135074,5.013350583,8.001013281,9.965028499,10.4531775,9.92904147,9.27847208,9.094890805,9.344935678,9.599793218,9.49774745,8.972427678,8.112594602,6.927463783,89.99068869,71.26405102,81.70189122,83.71203997,86.04068039,81.14502419,87.98579516,83.48277214,64.75613447,75.19397468,7371.208525,6550.585371,5621.334406,5716.866662,6028.763762
X82,0.704222859,0.723925362,0.630040436,0.540417078,0.588696213,0.747111856,0.800797629,0.527949194,0.074027426,0.741320276,1.140895247,1.14252098,0.916056807,0.76299919,0.839474464,1.02734025,1.06579466,0.808807891,0.361949773,0.021479852,0.170680899,0.127597634,0.064162103,0.090107451,1.805624414,15.66290164,15.70567349,15.22497023,15.13229788,14.6308671,1.198668431,2.748347113,14.72017894,14.76295079,667.0241966,716.7963209,690.6993533,761.0176321,811.5375844
X87,2.045166538,1.785475224,1.611278932,1.708831512,1.936416169,1.879153293,1.195058457,0.045621717,1.353498469,2.181644547,2.349893964,2.158642303,2.096607293,2.411442277,2.923129532,3.22158707,3.037278186,2.440256223,1.718448159,1.100210759,0.608548266,0.161976548,0.233729619,0.442603759,13.16690322,43.3360075,45.29462253,40.93235511,42.77796014,18.67026274,11.19405452,11.02061197,41.18971625,43.14833128,2066.403057,2155.839683,2002.3134,2165.19611,2174.890723
X88,0.658564135,0.595613659,0.574711936,0.608346675,0.646943437,0.605751524,0.428042898,0.137416246,-0.167222677,0.376844275,0.44936379,0.437310347,0.443539865,0.540537246,0.716580904,0.887046975,0.955571127,0.874577954,0.664424917,0.389804354,0.12251274,0.082468009,0.194402126,0.21031819,5.350472528,1.241045271,1.36108162,0.714297635,2.208291068,10.608868,15.42576246,7.209426889,0.61790909,0.497872741,48.05217454,215.1125135,323.8883351,543.1304919,745.0358633
X91,1.048135915,1.043769473,0.967752474,0.904475234,0.956700698,1.098942258,1.132226155,0.825269751,0.13716713,0.688872819,1.273747412,1.385268679,1.113424058,0.782028654,0.673912869,0.810994331,0.973541502,0.921788108,0.607414855,0.191734791,0.118858148,0.244951897,0.25607142,0.251497367,0.289717056,25.13841002,25.32648813,25.48547476,24.22774551,24.61569369,0.149545968,1.039235005,23.80945796,23.99753607,57.73470332,185.20144,332.9240178,560.2765174,813.9980785
X94,0.126396344,0.124068995,0.11192014,0.103319857,0.105920334,0.115030637,0.11767652,0.103417241,0.072250632,0.033296861,0.0032416,0.0327125,0.05571148,0.072918584,0.081796289,0.079052993,0.065840994,0.049168646,0.036818803,0.030277712,0.023101619,0.007287792,0.017894568,0.043305305,1.121267547,0.072744632,0.171349125,0.015673343,1.176349799,4.750542943,1.095590435,1.337083753,0.288560838,0.387165331,157.0982845,161.2742242,160.1640832,160.3783041,159.1372113
X102,1.785231911,1.789713702,1.70287593,1.642045169,1.716845077,1.861457818,1.824937759,1.370577437,0.516323208,0.419571727,1.037765593,1.162911359,0.964267017,0.783328474,0.826559127,1.000892051,1.0304364,0.730344708,0.178080763,0.364581005,0.683272509,0.767351765,0.757630502,0.768480894,7.296701151,25.59513489,26.05707401,26.17699154,25.53751916,24.66424515,6.291425575,8.860316898,24.03151914,24.49345826,1002.029972,1078.203122,1013.257048,1103.806812,1202.411414
X105,1.280758694,1.299914606,1.194601275,1.087624047,1.117506545,1.266794907,1.335540207,1.103601967,0.537034956,0.157488168,0.686623381,0.892931472,0.844530946,0.721786289,0.625313702,0.49656547,0.220021684,0.209691057,0.635520733,0.860134793,0.822305086,0.650198817,0.537003621,0.562425368,10.10383341,8.908027229,9.799409205,10.57142742,8.659562238,7.26677185,11.03090706,11.54433087,7.467529769,8.358911745,160.2720308,369.6781713,489.7381976,678.0870346,831.3673003
X106,0.072624205,0.094442011,0.047658343,0.008937973,1.10103E-05,0.073034065,0.115786505,0.026821474,0.197358314,0.445905022,0.588816445,0.594519572,0.554412714,0.587619867,0.717080933,0.838528146,0.815235082,0.60940395,0.32488873,0.120911545,0.079260466,0.148743885,0.212305847,0.20358517,9.962473638,18.05284433,18.46752617,17.77217673,18.77459365,17.98672641,10.07364721,9.829346576,17.91971727,18.33439911,522.0367332,550.0368961,532.0522863,563.1089162,561.479635
X107,0.551413712,0.556698875,0.493430966,0.441025573,0.473875765,0.562480733,0.577938983,0.407086915,0.069919286,0.279251398,0.475970516,0.481396165,0.401810535,0.374805009,0.433220065,0.478071549,0.384247739,0.13340214,0.156288154,0.33127093,0.335034316,0.245055771,0.184863414,0.204338578,0.753734794,9.607299861,9.798223199,9.414668209,10.34316201,8.337069362,0.680278551,1.237757931,9.123276725,9.314200062,-31.0229364,86.38762555,160.2444488,263.7542821,354.6680696
X110,0.105763297,0.124342759,0.044051067,0.426990001,1.018829439,1.321579346,1.145508766,0.695712653,0.392818893,0.502939525,0.917762807,1.278938189,1.314332875,1.063613065,0.794598119,0.718558279,0.797226396,0.822100501,0.661903439,0.408676991,0.270340438,0.330461011,0.439745134,0.36785574,16.72762663,3.875788833,3.680716925,5.001734616,8.523720538,6.154670493,4.130601033,16.03834004,3.186502236,2.991430328,328.1658499,363.8273249,393.7217503,462.5602556,496.3906385
X111,0.238866814,0.23430074,0.164006436,0.112277859,0.149671629,0.23877734,0.248484566,0.074680578,0.24720731,0.553356428,0.685454749,0.625328331,0.503089386,0.470430628,0.559169519,0.658265563,0.627651992,0.436545124,0.19397845,0.047049637,0.049956506,0.129681887,0.173549614,0.143295189,3.391534764,12.86010335,11.54724106,11.75802863,12.38180715,12.33484109,3.304993304,3.36393068,12.83249926,11.51963697,500.2656504,467.22799,395.2519276,364.6851111,328.8627816
X116,1.282695748,1.403670596,1.38168189,1.24452322,1.161879891,1.24742456,1.39689614,1.342968369,0.893980395,0.133268021,0.618252865,1.051394477,1.102323998,0.958735466,0.846057621,0.809166559,0.699472013,0.367527428,0.142514323,0.597264796,0.774993432,0.663186853,0.457792933,0.368865525,9.091906511,16.48401197,10.96626398,11.67337529,11.62315007,11.24161871,8.928097736,10.40691937,15.16899912,9.651251119,529.6622504,646.1619738,677.9395204,793.7319758,867.4962553
X120,1.255820561,1.265839389,1.20259694,1.165650198,1.231377288,1.325960318,1.242193031,0.815699878,0.105228614,0.605411544,1.009818671,1.016586034,0.809245482,0.672948147,0.744754234,0.911273246,0.936355475,0.688816435,0.257383138,0.140706867,0.352858497,0.39730276,0.396530927,0.429001674,9.067875812,16.03470378,18.39540311,17.76472833,17.03092874,15.55925399,9.627604477,10.63420002,14.46837957,16.8290789,610.3956192,764.8034454,799.3716454,956.319285,1082.825089
X123,1.072637333,1.122676701,1.128371943,1.072544068,1.009331545,1.021156315,1.117754749,1.182620972,1.039029052,0.594423115,0.06210201,0.702892743,1.115998781,1.241200193,1.176296723,1.060937782,0.95235593,0.803604246,0.549328153,0.202239293,0.137726081,0.365378543,0.45585665,0.468444767,12.48235299,8.393686117,8.271056839,6.765425548,6.432946125,6.303298817,13.83894122,14.10877812,6.767260986,6.644631708,933.4024841,1046.251497,1056.114633,1171.190541,1214.90513
X124,1.568762704,1.615353333,1.528206514,1.436906708,1.490255109,1.661681946,1.704539353,1.341370723,0.532872848,0.430977317,1.127172441,1.325322738,1.154705691,0.963382296,1.000630778,1.211476933,1.319286753,1.101157225,0.591234633,0.034087955,0.342388159,0.503089146,0.573256456,0.661321159,14.66708527,17.88848667,16.56023008,18.90321381,15.28726136,15.63985984,8.79205599,16.51950663,16.03606532,14.70780872,1109.455535,1215.90501,1192.033809,1304.165312,1366.833406
X125,1.212464002,1.041914503,0.901063717,1.010928645,1.304959577,1.400402993,0.917888837,0.125128055,1.234310683,1.790404984,1.545152091,0.820409834,0.2283908,0.163405848,0.514984649,0.834728589,0.768878224,0.345732109,0.120225147,0.365268046,0.401571892,0.428268358,0.563745782,0.707472751,9.237462479,13.04116363,12.84882164,11.8752832,9.67247865,9.62478927,2.6894894,11.11235112,11.16627499,10.97393299,505.6156494,641.4111183,699.7729002,861.9201066,1029.95553
X126,0.483587361,0.547258757,0.58435262,0.542670594,0.463506565,0.433731554,0.482386408,0.538660148,0.506180041,0.382459394,0.293897287,0.392568452,0.701169128,1.056590152,1.22022962,1.067681736,0.690771881,0.320447907,0.140524626,0.157587907,0.233402861,0.232972057,0.141600811,0.048832502,10.16974128,0.973812607,0.86924101,0.8742138,0.873621054,1.057507134,13.59718179,10.13243391,0.936505238,0.831933642,199.1492423,170.6431456,175.0770115,168.7608681,152.2670725
X130,0.303929814,0.299772681,0.301888598,0.302432035,0.30209779,0.306800879,0.318761625,0.331651574,0.334862603,0.322608455,0.298908213,0.273950118,0.256036076,0.247287652,0.24665518,0.255589151,0.278747389,0.317649743,0.363601159,0.398512845,0.405408892,0.380718661,0.33757256,0.296615293,7.774010727,6.159522207,5.372505479,5.567969977,5.589773715,5.678041271,6.87409015,7.381595851,5.76710733,4.980090603,225.7738634,265.4949656,298.6885702,354.0176208,376.5902066
X132,0.261873,0.240999828,0.223192417,0.200453797,0.178029422,0.169951444,0.184905945,0.217145166,0.251572498,0.277462327,0.296623838,0.317915699,0.344454149,0.367666229,0.375301162,0.365644031,0.35276509,0.355740892,0.380805966,0.413385803,0.428504276,0.410899921,0.366872259,0.31753861,9.184725445,8.998300111,9.068485066,9.555580837,8.819573855,8.850520014,8.752923079,9.206158126,9.019732793,9.089917748,278.1988236,274.5245092,260.4412663,265.2520198,255.9102612
X133,0.294631261,0.245723582,0.217557075,0.2035081,0.196998077,0.200327181,0.221043448,0.260134715,0.304973305,0.33543014,0.338470289,0.31793448,0.290631021,0.272839297,0.269965677,0.278015298,0.293190852,0.317959216,0.356377944,0.403644684,0.442051585,0.450024909,0.417852092,0.356119075,7.401933993,5.92079159,5.973865668,6.054063012,5.972214831,5.88671464,6.587356913,7.264720845,5.783578442,5.836652521,174.3737617,195.9803722,212.4152782,244.4558849,256.9373082
X134,0.358673562,0.360628517,0.346943431,0.323857135,0.315867762,0.339053593,0.379590703,0.401385097,0.377860633,0.317831175,0.259675549,0.238256181,0.255622589,0.283097797,0.291943284,0.282196734,0.281548892,0.31588385,0.380922168,0.442989801,0.468062505,0.450713043,0.41546766,0.390886459,10.00043707,7.972778588,7.460901927,7.478697872,7.100798662,6.838649644,8.31294687,10.01822831,7.990569825,7.478693163,210.5890085,213.7378525,210.8308195,227.6443317,221.3911809
X139,0.382561621,0.334032934,0.318789075,0.324359782,0.336754104,0.348218699,0.356139463,0.358275824,0.351500573,0.335309913,0.31488794,0.298746749,0.292468579,0.295328197,0.30420117,0.321064386,0.355166581,0.414994004,0.495542152,0.573041034,0.614736315,0.598631384,0.528543735,0.432514033,10.5131371,8.139446532,8.504447867,8.167560718,8.047769258,8.156637944,9.359465325,10.51191743,8.138226867,8.503228201,268.7935241,272.4080673,261.0175375,269.9127476,262.9502692
X140,0.433004394,0.351671367,0.314382102,0.307793722,0.306799203,0.303696578,0.314135541,0.354948795,0.418696098,0.473449447,0.490243069,0.471330138,0.450036095,0.460607453,0.506615874,0.558706105,0.583950778,0.577841232,0.567149572,0.580658404,0.616785667,0.640680173,0.614736016,0.53378009,9.895281122,10.29898827,10.48782043,10.18840344,9.654284839,10.4041344,10.65449289,9.991141725,10.39484887,10.58368103,293.2847452,280.3541547,258.4209129,254.998625,242.4204262
X142,0.459026585,0.340959703,0.269528873,0.246686189,0.261135548,0.299312116,0.347567621,0.388976777,0.404978849,0.385524825,0.33922625,0.291366847,0.267877269,0.277774761,0.30993879,0.347573047,0.38661701,0.439638654,0.520011926,0.620526222,0.707461942,0.738361636,0.690611527,0.577933695,9.88620585,10.12530629,10.30960369,9.562391882,9.289486545,9.716875699,10.94909287,9.783392405,10.02249284,10.20679025,316.9056588,332.52594,333.3995737,357.7977317,357.3191304
X143,0.173915242,0.159270801,0.151114969,0.144631532,0.141853914,0.150012092,0.173200308,0.205772071,0.234391085,0.247371136,0.242964367,0.229356251,0.217049934,0.211194765,0.21062204,0.213055092,0.219751179,0.233980756,0.254888445,0.273866288,0.278618178,0.262350257,0.22980311,0.194164313,4.877091237,4.898279981,5.241860577,4.999366312,4.84714111,4.866766594,4.884794083,4.873349316,4.89453806,5.238118657,100.0274984,113.4547194,123.1534645,139.7995924,145.6511565
X148,0.223024713,0.200121756,0.176303738,0.161810353,0.177834027,0.229339687,0.29195003,0.328621834,0.321180725,0.285822815,0.256949651,0.255099225,0.270644881,0.279049701,0.271445986,0.26833522,0.300728981,0.376045133,0.462683529,0.51041968,0.489541812,0.413395115,0.324555482,0.258980527,7.21260863,6.364992147,6.654394756,6.690085865,6.473238634,6.951889173,6.863481021,7.228206094,6.380589612,6.66999222,189.0370031,192.1891129,186.6153091,195.1148407,191.4602398
X149,0.260408476,0.223414063,0.210877944,0.211379595,0.221697099,0.247291247,0.289702488,0.336806455,0.368261016,0.371616874,0.352491759,0.327806405,0.308723791,0.291192192,0.264623547,0.230117573,0.208272653,0.225462872,0.288817205,0.373132398,0.434015459,0.438217815,0.386220213,0.308781212,7.505012844,7.277135704,7.38473478,7.420081604,7.155449087,7.226303063,7.691453503,7.501643875,7.273766735,7.381365811,232.2924425,232.4140691,224.2172334,231.1209624,224.1022557
X155,0.271426481,0.242649775,0.230762338,0.213171906,0.193851957,0.202059173,0.2582561,0.342778682,0.402403792,0.392931714,0.318845176,0.231578278,0.186571528,0.198642588,0.236582869,0.259796113,0.259560553,0.264428798,0.305861301,0.379850109,0.443854983,0.452839924,0.399325674,0.318767357,7.798113333,7.632775887,7.664045797,7.778035694,7.074265403,7.352517345,7.993461433,7.838357155,7.673019709,7.704289619,122.5242776,147.5063215,164.033096,187.2424299,196.0065454
X157,0.242349695,0.196425047,0.163516388,0.156462118,0.179109907,0.218547487,0.251012322,0.258701892,0.243135713,0.222559833,0.215247304,0.223874829,0.235340937,0.235823447,0.226372753,0.223836492,0.245895388,0.294019577,0.349948163,0.388506665,0.394805274,0.371094731,0.329608183,0.280968705,6.642398126,5.888297978,6.184811511,6.350846488,6.068705304,5.975349801,6.440712841,6.703772074,5.949671925,6.246185458,191.3959416,177.2666526,157.2932304,149.4766546,142.8854883
X158,0.261815936,0.244998835,0.243884254,0.240398154,0.233046786,0.234991361,0.2562702,0.289283809,0.312607489,0.30940948,0.282273181,0.250266954,0.232055139,0.232284651,0.243985528,0.262350391,0.293205972,0.345409643,0.414341752,0.474950496,0.495055578,0.459678916,0.38476401,0.306774804,6.34029474,5.806203197,6.109022895,6.321166706,5.790631084,5.582570171,6.244799669,6.341884421,5.807792878,6.110612576,190.747363,189.7322393,182.0570999,185.8291674,179.9369192
X160,0.184696846,0.180999859,0.171171537,0.148178678,0.12296,0.117643372,0.144710456,0.192268676,0.231067321,0.238300453,0.216588151,0.190434994,0.183541516,0.198287865,0.216171632,0.217599336,0.201159601,0.183940331,0.18363777,0.200893208,0.219205493,0.221607035,0.206646451,0.187704656,5.774739032,5.718323322,6.097486231,6.016982211,5.961016363,5.961623813,5.779339877,5.671248461,5.614832751,5.993995659,174.6649957,185.6776528,191.6225652,209.3539514,213.2890166
X161,0.508174039,0.397708671,0.340364879,0.334630302,0.356095383,0.382177049,0.406923663,0.435946853,0.471530145,0.505480851,0.526446537,0.531955181,0.530846383,0.533224531,0.539610903,0.542443001,0.539334074,0.543049315,0.574172265,0.639573172,0.716436081,0.760068224,0.733433885,0.63560034,11.83811166,11.65543134,11.92665268,11.87459192,11.69398725,11.95237237,11.91102673,11.92770916,11.74502884,12.01625017,336.4872342,323.1217237,300.2709493,298.2993417,289.85437
X163,0.374635208,0.336150316,0.286442762,0.248836577,0.240255428,0.256137514,0.27248999,0.264954802,0.228730704,0.181790389,0.148853059,0.140984753,0.149082925,0.155916461,0.154093904,0.152755349,0.167648771,0.205368485,0.257178548,0.307230016,0.345501878,0.372129981,0.390065451,0.395966955,5.958594795,5.670366602,5.183397375,5.335648598,5.359832588,5.044229661,5.398715176,5.830023318,5.541795125,5.054825897,215.890126,225.7606095,227.9075882,246.5809462,244.7506926
X165,0.220571462,0.18235982,0.170741627,0.194889529,0.248909673,0.310684284,0.352185817,0.355855939,0.325108791,0.280476404,0.244250048,0.225890691,0.219462928,0.213723315,0.204818223,0.200232278,0.211304326,0.241890558,0.283351339,0.319441517,0.335902927,0.326820468,0.294624277,0.24702231,6.846518398,5.653280727,5.695550978,6.173036215,5.851443654,5.805993078,6.353840493,6.749001592,5.555763922,5.598034173,206.5649327,214.3503083,213.0451317,227.0627377,226.6054371
X166,0.446152877,0.37640179,0.315967075,0.265451902,0.228563005,0.216672381,0.243246508,0.311662214,0.407078385,0.500631261,0.564139682,0.58477573,0.569483973,0.53759444,0.508933625,0.496185168,0.504211634,0.532362797,0.574976953,0.620103659,0.65074854,0.651390635,0.616526489,0.554193205,10.40850137,9.930896024,10.59266829,10.56835764,10.01554947,10.20088737,9.376703477,10.18551597,9.707910632,10.3696829,313.5292285,355.1347936,381.8754597,433.0759978,446.6868521
X172,0.142691773,0.14647823,0.143813882,0.135872595,0.126206042,0.118441044,0.113733976,0.110145408,0.104548067,0.095475589,0.084482673,0.074913715,0.06925598,0.067406285,0.067216864,0.06659754,0.065203308,0.064379085,0.065772548,0.070111685,0.077130856,0.086242154,0.096832091,0.107740762,3.185716861,2.688507762,2.895244916,2.720187117,2.688382703,2.537585205,3.187012934,3.188341083,2.691131984,2.897869137,71.03886644,74.60071075,73.93631746,78.76036081,78.85234677
X175,0.30210603,0.266681264,0.280547241,0.299112633,0.304446274,0.312306815,0.3433508,0.393255102,0.433602373,0.440514023,0.418591342,0.393978093,0.384679112,0.381730005,0.363781231,0.330862976,0.31918497,0.374670924,0.504969571,0.656028601,0.741381592,0.704546015,0.562331277,0.391508153,11.53845225,7.948510566,7.861291858,8.259509725,7.792468196,8.541207438,9.961196256,11.57808124,7.988139557,7.90092085,220.8645111,231.1604466,224.4619512,238.6126098,238.1685075
X176,0.1548881,0.144322444,0.148250081,0.151489389,0.150946891,0.158315148,0.187783583,0.239662297,0.295307761,0.329010504,0.327303157,0.29944232,0.270613068,0.264223244,0.287907155,0.332770854,0.382953688,0.424959545,0.449752712,0.450117779,0.420617917,0.362821956,0.290087968,0.224066884,7.354895748,6.697595391,7.199595347,7.240266868,6.79339793,6.976621894,6.49600176,7.381383278,6.724082921,7.226082878,182.5730642,185.450186,183.4712666,191.7393766,189.7505031
X177,0.470279998,0.375366267,0.290101795,0.246839435,0.252664123,0.287055585,0.319452825,0.331598732,0.326389095,0.318050594,0.315234146,0.313485199,0.302850711,0.281299267,0.259841412,0.254564126,0.274051732,0.314421916,0.365336335,0.418756262,0.470247448,0.512185021,0.528758852,0.502324383,8.456522984,6.085232568,6.1075605,6.226103645,6.066342137,6.248243613,8.028737088,8.455796586,6.08450617,6.106834101,206.348443,210.6633582,200.7238146,208.9990657,203.4753691
X178,0.431604296,0.340210291,0.269446697,0.231334486,0.226904574,0.249011519,0.283900003,0.313769448,0.323354702,0.308469886,0.279504527,0.254793563,0.247346022,0.255637252,0.267077847,0.271925754,0.275336078,0.29575918,0.349450445,0.433469808,0.521785769,0.578689404,0.579753122,0.52509536,8.24399745,8.632770995,10.7077067,9.300253731,9.005803238,9.23906278,8.309853665,8.279537331,8.668310876,10.74324658,228.571974,232.4716762,234.721855,246.0637272,243.4739133
X183,0.241212888,0.23941476,0.223454302,0.20020741,0.183264771,0.181846082,0.192722687,0.20263179,0.199163873,0.1804802,0.155623271,0.136065256,0.126878883,0.125305476,0.126654045,0.130440346,0.140288623,0.158273795,0.180437373,0.198895857,0.208752455,0.212554241,0.217197711,0.225979342,4.950717971,4.710433223,4.946113521,4.891195183,4.706428902,4.771351962,4.927438333,4.964077402,4.723792654,4.959472952,132.6191234,134.6856054,132.1824893,138.1023505,135.5127238
X186,0.173377216,0.142132746,0.144774484,0.161859187,0.16523079,0.14751631,0.133185134,0.157203873,0.229080599,0.316570263,0.367045719,0.349775605,0.281994476,0.215489879,0.195749387,0.229417616,0.28628571,0.329547059,0.344052473,0.338526218,0.32571003,0.305225475,0.267580438,0.212643276,4.869575746,6.060526615,6.195915279,5.821416678,5.886308195,5.93884405,6.415253248,4.872139797,6.063090666,6.19847933,180.2952548,180.0242188,174.7896972,180.9853821,173.8735347
X187,0.274153087,0.229413449,0.187803425,0.167311549,0.179859484,0.219326254,0.263389028,0.289306539,0.29047118,0.279244955,0.273962928,0.282410733,0.296823139,0.304034293,0.299996906,0.294315161,0.300758567,0.323475004,0.352350224,0.371468314,0.371800571,0.355891773,0.331314151,0.301369277,6.914162708,6.67417947,6.877783014,6.924057433,6.726966931,6.663194169,7.095454211,6.967891035,6.727907796,6.931511341,142.0781379,149.8621926,152.0065631,164.1168829,165.869861
X192,0.235405019,0.194801791,0.17676351,0.176889415,0.186048666,0.196127891,0.202518666,0.202877002,0.195124924,0.177740727,0.152341006,0.125644297,0.108076158,0.109298343,0.133762035,0.17925534,0.238634324,0.302409656,0.360080729,0.400558802,0.413796851,0.394649402,0.34694952,0.284060039,4.729553608,4.063146164,3.911986022,3.829512738,3.785497243,3.565069947,4.028626794,4.420474708,3.754067264,3.602907122,310.5695634,313.1233341,305.9471931,320.6165166,311.6024714
X194,0.136255568,0.147540454,0.145984297,0.138664306,0.140916373,0.157441162,0.175099611,0.174986526,0.151479538,0.118785053,0.098192152,0.098818012,0.11117498,0.119726195,0.121061684,0.128347188,0.156614541,0.203438233,0.24530254,0.255197402,0.225943943,0.177298954,0.139746882,0.129806004,3.860729941,3.009671668,3.678139399,3.586563168,2.866848306,3.509820468,3.119409835,3.679434859,2.828376586,3.496844317,126.8310092,145.0285622,157.6412999,181.2577522,193.7187921
X195,0.343381576,0.299327169,0.259187069,0.234607371,0.232567925,0.250615,0.277014448,0.297008452,0.301504081,0.292063009,0.278552858,0.271468685,0.274986555,0.285813148,0.297833288,0.307927999,0.318017239,0.332214134,0.352198735,0.374857463,0.393615866,0.401679194,0.394584277,0.371199928,7.830396382,7.558647165,7.426306124,7.461895625,7.212825819,7.004553648,7.95647456,7.825389698,7.553640481,7.42129944,239.2046184,238.1691275,229.0985411,237.7160017,228.4576203
X196,0.471631506,0.435551348,0.413107644,0.40456828,0.406742917,0.418226268,0.440941862,0.475782441,0.516687283,0.550106246,0.56234959,0.549680816,0.52252321,0.499512413,0.495625529,0.513532736,0.544237923,0.575035791,0.597276526,0.6081173,0.607026853,0.592554943,0.563407284,0.522303731,11.62269695,10.76404922,10.75560203,10.91490945,10.63487557,10.74009361,11.45469664,11.63478435,10.77613662,10.76768943,325.4809511,325.6991186,316.6660696,330.3654495,320.1284973
X200,0.248870738,0.226434626,0.212242866,0.209652847,0.219397805,0.238460319,0.259821823,0.274872077,0.277937715,0.269747799,0.25669831,0.246034814,0.24074201,0.238439731,0.235148686,0.230391099,0.228801036,0.236527745,0.255436667,0.280154602,0.300571503,0.307813122,0.299084177,0.278236722,5.142406132,5.109671039,5.362200375,5.297241552,5.194679661,5.193117068,5.08103353,5.153054064,5.120318971,5.372848306,165.2686573,163.2947804,156.9932739,160.3189718,153.8850777
X201,0.344830092,0.296801625,0.267354095,0.255710881,0.270664677,0.314809806,0.370717846,0.407288915,0.40312765,0.364708117,0.320582431,0.296179651,0.293445142,0.295262152,0.28981427,0.289329517,0.322206577,0.403736073,0.513026543,0.599911448,0.618463103,0.559011172,0.451842099,0.341565538,9.367303201,7.189757642,8.399323722,7.261922579,7.625345814,6.259880225,9.154432335,9.340276038,7.162730478,8.372296558,188.7415447,207.1542391,211.5885272,231.8012598,238.7805668
X205,0.3430496,0.31329876,0.290391345,0.263698765,0.241772812,0.247221384,0.293294974,0.365439945,0.427275877,0.447185793,0.421762776,0.375279781,0.337131671,0.319394268,0.314720312,0.313381031,0.319212755,0.346549696,0.401097484,0.465530427,0.506926638,0.501387306,0.453234646,0.390425719,8.747541472,8.111969237,8.682723305,9.039925269,9.056620705,8.495457081,8.416583767,8.715018419,8.079446184,8.650200252,261.7050954,268.6384346,268.9282395,285.345597,279.9254754
X206,0.388635453,0.358868417,0.33991476,0.328829284,0.32203617,0.321065609,0.329510895,0.345326551,0.357899289,0.354450088,0.330379182,0.293508145,0.257795891,0.232464883,0.217043434,0.206796185,0.202303447,0.21241276,0.246281392,0.30155216,0.360568169,0.399757419,0.405130252,0.380905814,9.104305139,7.645496157,7.501364971,9.193079741,7.270409104,9.301452271,10.0166144,9.116466006,7.657657024,7.513525838,214.4446049,223.94072,223.3325764,240.4470432,239.5473008
X211,0.261130833,0.270362637,0.264685513,0.245427286,0.22776697,0.224866879,0.235440174,0.245996706,0.244598562,0.232391472,0.222288572,0.227168975,0.249638134,0.28254696,0.31776826,0.352591726,0.386787036,0.41462674,0.422712748,0.398894751,0.345232123,0.281730999,0.23477125,0.218540167,7.211092586,6.594478885,6.48613534,6.629899785,6.443876826,6.680200596,7.467986128,7.196031503,6.579417803,6.471074258,204.2798954,206.3557906,203.4486504,215.2707984,210.4739156
X213,0.309971755,0.293425758,0.287898197,0.292576928,0.301763372,0.307171006,0.302323276,0.286348568,0.264283042,0.243432128,0.228532422,0.219530249,0.213602059,0.209387364,0.209505205,0.218977535,0.240792069,0.272303505,0.305419008,0.330395026,0.340419445,0.334085511,0.314974907,0.289622619,7.604968351,6.79736771,6.999282157,7.011180901,6.886708919,6.59112222,8.095446881,7.648563116,6.840962475,7.042876921,159.6405676,168.5282097,168.294174,181.0284512,181.7508639
X214,0.38782686,0.346605896,0.333043533,0.336904497,0.343018511,0.347638927,0.359668343,0.386936113,0.423127557,0.449944286,0.453001719,0.435447161,0.415211262,0.40828665,0.414688716,0.421155291,0.417593692,0.409982787,0.415593144,0.444249154,0.484178743,0.50765642,0.492886235,0.442570329,10.71961087,9.613172054,9.667645039,9.44281379,9.344008834,9.388799921,10.25111737,10.72053167,9.614092848,9.668565832,302.8045137,301.3038564,291.4767997,303.4288188,292.1112591
X215,0.438778654,0.408202604,0.397013859,0.384035333,0.354318709,0.313384663,0.279956612,0.266839653,0.270251151,0.277476791,0.282904217,0.294064583,0.320792593,0.3596524,0.392031015,0.400555539,0.388454508,0.38112867,0.405257586,0.463210664,0.526980308,0.558917129,0.541732792,0.49126065,10.8847621,11.28892248,11.59935834,11.71818506,10.97340562,11.19323972,11.36482574,10.86188096,11.26604134,11.5764772,294.2909875,295.4143431,285.9008322,303.7965899,310.5713138
X216,0.32947417,0.207403339,0.122114542,0.104710766,0.139729216,0.187917793,0.220596297,0.235419829,0.245121239,0.256804112,0.26456881,0.260194501,0.246142284,0.233989137,0.229694822,0.223969026,0.202045042,0.165438828,0.141828351,0.167253495,0.251912672,0.360601134,0.429926425,0.412633706,6.155982091,4.754356741,5.071707215,5.32984466,4.908019143,4.341294725,4.978186892,6.088956131,4.68733078,5.004681254,150.1556865,162.6555683,168.883548,188.2989165,189.7958509
X217,0.145506813,0.121125633,0.097599634,0.07992877,0.075543715,0.086890803,0.105919242,0.117134182,0.108016721,0.078281192,0.039958093,0.008401344,0.007674192,0.008740283,0.001260192,0.021873356,0.056760638,0.107448105,0.167064136,0.221253761,0.256420327,0.268142069,0.262343127,0.248769951,4.786696054,6.526938106,6.612456604,6.682837237,6.213533711,6.092485814,5.701757769,4.63787561,6.378117662,6.46363616,241.9845226,253.244139,251.558344,266.4449704,267.4444497
X218,0.241084851,0.214562492,0.243472929,0.310828834,0.386866052,0.437765525,0.43879523,0.38817071,0.311276708,0.247435098,0.224568148,0.239852056,0.263182478,0.263050242,0.234918701,0.208163845,0.224214756,0.302389333,0.420591847,0.526267087,0.569049855,0.530732785,0.432676565,0.319640709,7.828452597,6.519044189,7.142210399,7.016233243,6.677673223,6.919519544,7.120687759,7.797211893,6.487803485,7.110969695,191.6189422,202.7345844,205.7241503,222.2455169,224.6062313
X219,0.126645757,0.124778079,0.123809025,0.125651659,0.1317124,0.13963135,0.14460051,0.143898911,0.1396389,0.136534573,0.136883339,0.138183152,0.136298934,0.131199765,0.129073934,0.137704627,0.1586688,0.183660049,0.199068182,0.19555953,0.17470476,0.147191204,0.124542256,0.11166144,3.521649023,3.063505311,3.502970499,3.457168705,3.405301991,3.286346115,3.378583221,3.456149776,2.998006064,3.437471252,33.18177164,52.39408064,69.59299725,90.84475952,106.2197605
X223,0.42228295,0.351693404,0.300609654,0.291144279,0.322344838,0.369624319,0.401474411,0.401011381,0.375471381,0.346894661,0.333025067,0.334848064,0.340030914,0.337026474,0.326174185,0.318690261,0.326423235,0.352801845,0.392134942,0.435082268,0.472894568,0.496798114,0.496498889,0.463947548,8.783518932,8.334320989,8.395237208,8.189708562,8.06769628,8.124111007,8.731858359,8.820584218,8.371386274,8.432302494,211.2175818,215.613138,213.1128571,226.5515806,223.2174716
X225,0.300845357,0.233857564,0.186681948,0.167412046,0.183989297,0.233484521,0.294966758,0.33739595,0.339682546,0.306457092,0.264643369,0.24248335,0.248851758,0.270705219,0.289786536,0.301934678,0.320438646,0.360542905,0.420337622,0.476577996,0.499711708,0.474637025,0.409360717,0.326088982,8.451488299,7.824343587,8.482363797,7.867503568,7.970655428,8.135452867,9.160089181,8.472189856,7.845045144,8.503065354,228.3889053,232.7625803,227.2136549,238.268919,232.6673082
X228,0.283534033,0.249572378,0.239444276,0.234792132,0.227116153,0.223428573,0.234008574,0.257634814,0.280818925,0.291467312,0.291521042,0.294205821,0.308338803,0.326834282,0.333165793,0.32077633,0.305399467,0.315209561,0.36507434,0.43827127,0.494306911,0.498270588,0.447088601,0.370318894,8.737671671,8.426705548,8.338100648,8.494392481,8.065589937,8.34749841,8.338456528,8.72988741,8.418921286,8.330316386,270.4516993,269.2534486,259.1445185,267.47484,257.6013873
X229,0.329737324,0.284187924,0.29159091,0.312906051,0.319270875,0.314455987,0.323409332,0.362457042,0.421729414,0.474945383,0.503381234,0.50855928,0.502901024,0.492210951,0.471818136,0.441277642,0.419330032,0.437244692,0.510451238,0.61398902,0.689291274,0.683157236,0.588595679,0.452115813,10.53778699,8.998909097,8.566497023,9.51710529,8.97731495,9.768099118,10.14662156,10.6439381,9.105060209,8.672648135,231.2382005,223.6486411,213.3736838,218.1334389,208.8219357
X230,0.335956251,0.317346703,0.313261261,0.323324983,0.340235859,0.354627663,0.361307535,0.361548906,0.35971688,0.357820546,0.353470939,0.34328014,0.328264839,0.315639926,0.314661627,0.329784918,0.356980841,0.386222288,0.407710681,0.416557977,0.412822944,0.398511898,0.375593644,0.347027127,8.826930285,8.41423399,8.427978671,8.561191654,8.616656089,8.483405552,8.733569952,8.844708349,8.432012054,8.445756735,240.4651282,243.7374009,238.280121,249.3731312,244.1523564
X231,0.242671873,0.19383044,0.162608406,0.155977275,0.164274844,0.171476331,0.169613484,0.16433623,0.167284736,0.183333014,0.205077987,0.21940601,0.219268459,0.209325605,0.200774633,0.201351204,0.210479124,0.223296554,0.237727112,0.255950015,0.278377613,0.29729024,0.298771154,0.273407313,4.803901624,4.257338582,4.473239001,4.34650535,4.445720339,4.701618332,4.99803517,4.804543598,4.257980557,4.473880975,139.615624,140.522541,135.6606007,141.2789592,136.5509591
X232,0.394777223,0.369900346,0.348063942,0.329029521,0.326702917,0.356924308,0.416611165,0.476959723,0.501310443,0.473896486,0.413339901,0.35757479,0.333241423,0.337116476,0.345564713,0.341386287,0.331482547,0.338657812,0.37653677,0.43278805,0.477117041,0.48604518,0.460681578,0.421677917,10.62313989,10.51375219,10.9204142,10.70839089,10.67581996,10.34845955,10.8856168,10.64453949,10.53515179,10.9418138,302.3121837,305.5506563,298.0274965,311.2084728,304.2386921
X233,0.046264405,0.007740675,0.038242662,0.04024789,0.02326371,0.003982953,0.004482859,0.000414271,0.011500939,0.018817194,0.017028952,0.008293621,0.000497821,0.003298175,0.000656431,0.005920179,0.003418627,0.014940182,0.051495421,0.099838429,0.145460273,0.170952996,0.164308599,0.126158005,0.058813231,1.357140157,2.097244722,2.589688078,1.719279845,1.290792732,0.457064914,-0.445061127,0.853265799,1.593370364,135.3065239,202.3711118,254.8262812,322.5529645,363.9079787
X235,0.155431888,0.152152139,0.15515093,0.156222883,0.152575545,0.151686616,0.164367264,0.192260844,0.222517913,0.236194864,0.223693471,0.19322427,0.164278765,0.151897087,0.155896894,0.164192151,0.165905488,0.16120602,0.158921628,0.165472278,0.177006419,0.18275736,0.175875114,0.160403423,3.528199843,3.438387212,3.512619994,3.447419468,3.495770904,3.452126167,3.520880089,3.535694957,3.445882326,3.520115109,99.43938298,100.3526432,97.85027628,101.949859,99.47426944
X241,0.205583465,0.203769721,0.205032276,0.214281941,0.23645222,0.266905389,0.290458857,0.29227594,0.271257074,0.24269013,0.226375134,0.230396351,0.245406327,0.254704622,0.250514825,0.24104155,0.241807453,0.259816138,0.28575149,0.301457958,0.295334605,0.271225103,0.243358606,0.223514745,6.47553892,5.754348883,6.149447398,6.130003897,5.797297328,5.797262387,5.631535381,6.37736098,5.656170943,6.051269457,251.4388378,249.7167908,239.5758039,246.0531352,236.8106513
X242,0.273846263,0.254498661,0.243826064,0.257250633,0.296192343,0.341623266,0.367151181,0.360464656,0.333055192,0.30890821,0.302974862,0.309913749,0.313246441,0.30491325,0.295162811,0.302632726,0.334434129,0.376200917,0.402387331,0.397282014,0.366902397,0.331176653,0.305161126,0.288149077,8.208133463,7.84249668,8.003114462,8.241795287,7.844668542,8.062892958,8.163643329,8.264812343,7.89917556,8.059793342,129.383212,146.2534944,157.575335,179.0346091,189.3313773
X243,0.220263421,0.149937057,0.087293596,0.063236024,0.094679826,0.165436825,0.234083753,0.264077046,0.249954282,0.216676279,0.194204849,0.192086437,0.197299672,0.194899128,0.1886884,0.200097271,0.24613211,0.318728156,0.38666767,0.418892777,0.407094461,0.366775439,0.3178707,0.266122273,6.693031371,5.657502776,5.841342681,5.750355564,5.683850109,5.534387947,6.11862528,6.550859167,5.515330572,5.699170477,267.6053805,268.0295826,257.5189669,265.1415851,256.3192088
X245,0.165710245,0.141759049,0.121501813,0.107759097,0.109798594,0.131549559,0.163880087,0.189680196,0.197254344,0.188984928,0.177041753,0.171055151,0.17062894,0.170145372,0.170042117,0.181353086,0.216760774,0.275592506,0.33778458,0.374637786,0.368594901,0.325289075,0.267658728,0.21795983,6.107032078,5.931185106,6.082501595,6.278216955,5.608586144,6.248362565,5.996326403,6.109416871,5.933569899,6.084886388,182.2769717,182.7926144,177.840736,183.8179174,178.6898853
X247,0.112949036,0.120772908,0.113968702,0.093680585,0.089424357,0.129979153,0.213753124,0.30506106,0.35906166,0.353266126,0.299928411,0.232695643,0.183075523,0.167000454,0.187213086,0.240488435,0.317296505,0.395228601,0.43954796,0.419607377,0.332034619,0.209541862,0.102857796,0.04687481,6.23016823,4.820636137,5.36119418,5.637062611,4.999735197,4.796407535,6.558617612,5.890487119,4.480955026,5.02151307,229.0692313,262.4663512,282.0743018,322.7656121,343.2049201
X248,0.136946135,0.111924703,0.101521729,0.09580698,0.098256779,0.120072699,0.162367586,0.206537971,0.225254461,0.205179577,0.159534942,0.117563706,0.100272772,0.105348192,0.115109266,0.118543624,0.124517831,0.152212576,0.207956396,0.271958362,0.309543088,0.297884867,0.244029573,0.178061911,4.524175819,4.215035607,4.463001041,4.703808761,4.072140084,4.455553286,4.731880419,4.483068149,4.173927936,4.421893371,146.7656243,149.0736046,146.4377753,154.4169059,152.1322896
X250,0.637274084,0.537891776,0.474725359,0.449637292,0.448097669,0.451197792,0.448085427,0.441322179,0.442507252,0.461796751,0.498697994,0.540464098,0.569371263,0.574389524,0.559827454,0.545148927,0.555281547,0.606346264,0.694650637,0.795377749,0.872390462,0.894600524,0.850630175,0.754130957,12.03636229,10.60647403,10.63994611,10.31941336,10.08581149,10.58086716,11.41514619,12.02687026,10.596982,10.63045408,357.0987317,352.1842391,338.3919178,349.8741227,334.0304803
X252,0.473029882,0.43610458,0.377913564,0.316433398,0.267184223,0.235837318,0.223300435,0.233698008,0.272754103,0.336234483,0.401947727,0.438435541,0.427506313,0.381706889,0.33887866,0.335158204,0.377854268,0.4411574,0.488180689,0.499917519,0.486414821,0.472377329,0.472385759,0.478678472,10.22358763,10.89715071,11.53794158,11.56275475,10.92986805,10.87060666,10.62698372,10.21518531,10.88874839,11.52953926,309.9698027,325.2639178,325.6300755,343.6402284,335.9942146
X253,0.309217897,0.243475995,0.209883996,0.210219035,0.222365797,0.226031042,0.22156283,0.224578703,0.244328858,0.269698509,0.277914631,0.257027848,0.218811848,0.18850228,0.181626025,0.191543388,0.200366856,0.201621166,0.210247354,0.247867111,0.316773431,0.389170723,0.424889355,0.403420261,7.263927711,8.193405424,7.993191639,8.348387478,7.783442613,7.799660023,7.763518461,7.300524029,8.230001742,8.029787957,250.7563594,242.3685766,223.8385658,221.4478199,210.7825605
X254,0.325744138,0.328245699,0.341301614,0.351682685,0.349151676,0.331897726,0.306285405,0.281736719,0.264563607,0.254791163,0.247621247,0.238066349,0.225494169,0.215208167,0.216124446,0.235783196,0.275297637,0.326961986,0.376145966,0.407126561,0.410352271,0.387400405,0.350591208,0.316936099,8.083685671,7.131460144,7.020759446,7.543026076,7.078583605,7.036138672,7.947696641,8.094547728,7.142322201,7.031621503,216.07425,216.2216626,210.4659578,220.6219981,213.7608716
X255,0.463957295,0.41393428,0.352753562,0.314958849,0.32249078,0.36431587,0.403369906,0.406051038,0.368474524,0.316622069,0.281698845,0.274338644,0.280735819,0.281693438,0.273946072,0.272682719,0.294276181,0.33806246,0.385913403,0.41924388,0.435074541,0.444348455,0.454976987,0.458827596,8.163120655,7.560351463,7.394971096,7.337576882,7.316343855,7.431542169,8.292833984,8.129832112,7.527062919,7.361682552,272.0825907,268.4821973,258.0393258,266.272727,253.3608705
X260,0.179820888,0.172333178,0.164114044,0.16086819,0.169533205,0.18993982,0.212209252,0.223119805,0.216052808,0.195640062,0.173249875,0.157983259,0.151571846,0.151051658,0.155110702,0.166649446,0.188595332,0.217592971,0.242951522,0.253195052,0.24473828,0.224570867,0.204250125,0.19075621,5.338697308,5.304560989,5.409842457,5.316081261,5.101897714,5.271037942,5.256459967,5.266355759,5.23221944,5.337500908,200.5947145,202.3046634,196.9883129,205.0145724,199.4104262
X262,0.234151745,0.219615308,0.216693456,0.226387021,0.252585878,0.293460251,0.334947397,0.356260519,0.345054668,0.308613205,0.269362664,0.247281632,0.244673641,0.247276885,0.240558055,0.225586505,0.219150546,0.237732829,0.280358331,0.326467615,0.350920628,0.342591387,0.310527473,0.274013814,6.373507438,7.025198083,7.244456528,6.923403689,7.120206033,6.850400256,6.744164649,6.43939309,7.091083736,7.310342181,244.6053964,226.108554,202.7695337,191.6343019,170.1776406
X263,0.435328087,0.350631865,0.287821583,0.252354638,0.233210095,0.222236983,0.224560324,0.249940138,0.295745597,0.341272618,0.36141644,0.347380336,0.314083393,0.28662793,0.278906455,0.285165454,0.292069516,0.297769199,0.317020093,0.365455161,0.437923291,0.50342028,0.524324236,0.484390882,7.962619265,6.134230967,6.544071595,6.115252176,6.089901841,6.08751384,7.477123509,7.98857746,6.160189163,6.570029791,170.4313226,177.2311454,172.6145732,182.1895105,180.7913457
X266,0.430492384,0.354140805,0.302063012,0.297855038,0.330643035,0.365975974,0.37520495,0.357499119,0.33607183,0.334099002,0.353573448,0.375763479,0.380532001,0.36468338,0.342585597,0.331035598,0.33522872,0.349303015,0.368031745,0.394239873,0.432131314,0.473759782,0.495746236,0.474473346,8.685778356,6.976060837,7.274414124,6.767914853,6.699976577,6.678874179,8.010606877,8.681158143,6.971440624,7.269793912,195.2886404,205.7975913,203.5379585,217.2665382,218.4147599
X269,0.286005039,0.254741085,0.218737919,0.201029558,0.213957523,0.250134426,0.289790699,0.316228666,0.324940118,0.32003292,0.304885726,0.278715668,0.242649109,0.207074392,0.189471819,0.201754391,0.238346863,0.277664637,0.297797559,0.293237617,0.277459173,0.268825487,0.272902058,0.27774722,7.281278891,7.045538632,6.943877098,7.028268155,6.993183044,7.086826722,7.722984262,7.278132287,7.042392029,6.940730494,197.874535,203.8254883,201.1210732,213.4439637,211.0174969
X270,0.405180618,0.370843248,0.348155692,0.337966096,0.34081997,0.356250344,0.379085095,0.398332358,0.402484254,0.388246723,0.364826089,0.348612273,0.351544594,0.372688028,0.400247065,0.422098974,0.435348432,0.446528632,0.462858708,0.48314174,0.496872642,0.492224823,0.465492605,0.42379872,8.422525971,7.859149416,8.062661603,7.548461112,7.620267142,7.837587065,8.607560244,8.364429567,7.801053012,8.0045652,322.2893992,316.148913,297.1036642,299.6851498,282.5413391
X271,0.317668766,0.2771258,0.252046502,0.237395241,0.232822609,0.242505381,0.26579454,0.290939357,0.301132759,0.288523227,0.262150427,0.240668254,0.235835895,0.242757433,0.246986906,0.241988248,0.23941015,0.260657932,0.316155269,0.391322169,0.453138113,0.472710309,0.444856576,0.388790347,7.299764578,6.602470011,6.427531597,6.550566364,6.251891274,6.11428132,6.539096348,7.283824426,6.586529859,6.411591446,216.8437057,217.5168959,208.8065293,214.3461167,208.1062115
X275,0.312608672,0.28173351,0.310036061,0.369292395,0.416782736,0.428500657,0.413043739,0.39668978,0.396447963,0.406786409,0.41012105,0.397573523,0.378183684,0.368624098,0.376107083,0.393220643,0.409350224,0.424667309,0.449549955,0.488436146,0.525627552,0.531277151,0.486356205,0.404610913,9.388014395,10.7103003,10.74786853,10.23955272,9.909191105,11.51373784,10.11490349,9.51776366,10.84004956,10.8776178,270.449361,263.0180376,249.8521096,252.3638059,238.7642209
X276,0.15169229,0.131471622,0.116573663,0.108174678,0.104877407,0.106016106,0.112934212,0.12669064,0.144644335,0.15994547,0.165370006,0.158611285,0.144364148,0.131177887,0.125681568,0.129003405,0.137949627,0.149041896,0.161168283,0.174517786,0.187542703,0.195764756,0.194265936,0.181761735,3.29177795,3.387877201,3.445959614,3.764670057,3.504547992,3.473474739,3.363516356,3.284098188,3.380197439,3.438279852,117.6345737,115.8759416,111.7539612,114.1098437,109.2122909
X282,0.236912536,0.18613394,0.153397568,0.145006501,0.151190522,0.156951479,0.156972431,0.160195799,0.179566852,0.216917878,0.257917434,0.282503992,0.281425132,0.263704955,0.248521083,0.249497314,0.265768187,0.28665216,0.30336035,0.315266386,0.325265782,0.330909553,0.322550698,0.292002799,6.078911575,6.445591303,6.704436407,6.643991337,6.211060331,6.14227754,6.302292097,6.103016268,6.469695995,6.728541099,238.8272149,212.5437023,183.0352305,176.5304757,173.0423133
X283,0.302487289,0.271531447,0.238513423,0.21070921,0.194209112,0.191263992,0.198690213,0.209179039,0.215341741,0.213888257,0.206871301,0.199157678,0.194385549,0.192842626,0.192840253,0.193937261,0.198725855,0.211292907,0.233557799,0.262611113,0.291278358,0.31140761,0.317387114,0.307761977,5.251875692,4.965029607,5.147521441,5.222194559,5.046616411,5.017420171,5.648255332,5.255599756,4.968753672,5.151245506,156.4686173,156.2607789,151.4994202,157.6644854,152.7648752
X286,0.35367916,0.338969545,0.312160809,0.277631879,0.249746892,0.240920809,0.251450055,0.270193575,0.284510009,0.289496255,0.288451676,0.286045254,0.282807346,0.277117538,0.271773903,0.2763957,0.300827844,0.344620745,0.393203808,0.426203646,0.431911937,0.415354018,0.392610311,0.376488645,7.780854901,7.790682861,8.238082864,8.307703926,7.777693447,7.961218722,7.619333886,7.704826326,7.714654285,8.162054289,251.8073846,263.2602196,267.0923744,287.8675856,284.56088
X289,0.205573046,0.218624749,0.209800195,0.180092937,0.160775315,0.186172435,0.262946451,0.362294799,0.44048984,0.46887008,0.448704935,0.402610765,0.355177258,0.321281985,0.308010926,0.32039339,0.359230388,0.412132326,0.451048279,0.446084679,0.38828799,0.301078023,0.226501069,0.194611371,7.695162451,7.892671255,7.604672111,8.229593472,7.331495635,7.611808495,7.939540283,7.743040298,7.940549102,7.652549958,178.0561528,184.6938646,185.0336897,197.5427733,197.6642566
X296,0.30605736,0.252567117,0.204694567,0.185041716,0.19951581,0.232009168,0.256147023,0.254776198,0.230970192,0.202050659,0.183276403,0.176323501,0.171959216,0.162463659,0.150810625,0.148052171,0.162554155,0.192300781,0.227337919,0.258550586,0.282899641,0.300069415,0.305704531,0.290820367,5.334778511,3.502099969,3.554951628,3.86808661,3.578921158,3.724065747,5.287079388,5.22731335,3.394634808,3.447486466,151.6120003,166.4102822,168.7394051,185.4862076,190.1922669
X297,0.215471209,0.261480265,0.26643707,0.228879913,0.177424544,0.146568089,0.14958174,0.172668904,0.193313046,0.202863499,0.211119036,0.23030152,0.256997192,0.272050621,0.259097609,0.222508646,0.185537982,0.169552828,0.17488414,0.182796122,0.176907649,0.162301708,0.162111654,0.193658797,4.962104217,3.882959863,3.928397725,3.98215839,3.798029516,3.921337328,3.811112325,4.926643069,3.847498715,3.892936577,124.92704,132.9160231,134.437606,145.4763714,145.3747571
X299,0.238837021,0.233881973,0.230195985,0.24603706,0.292859787,0.354206158,0.391514678,0.375048186,0.311672156,0.241952329,0.20741127,0.217455497,0.246174311,0.260819033,0.253775463,0.247368927,0.268016409,0.316200654,0.362230003,0.371879648,0.336748956,0.280296256,0.235155613,0.215351284,6.176713414,5.582825552,5.81414251,6.089007921,6.033056814,5.558860019,6.525641959,6.194390427,5.600502565,5.831819522,163.6101132,166.0845539,161.9066293,169.7412032,167.3071494
X300,0.20055618,0.217338949,0.221408025,0.210087315,0.212309102,0.252193356,0.319909478,0.378786645,0.399355985,0.384341198,0.359955791,0.345177731,0.33361718,0.308188746,0.272145417,0.25989902,0.309911183,0.422082795,0.542550252,0.596709226,0.545961302,0.418867187,0.288399146,0.21511646,7.918405466,7.760198302,7.967916931,8.132139934,7.742134081,7.694472234,7.350578329,7.757646363,7.599439199,7.807157828,214.9999478,239.9260885,257.1453071,291.2413001,305.7471189
X302,0.017472678,0.009503885,0.005231365,0.019183621,0.025650203,0.023769372,0.0185745,0.016110821,0.018124779,0.021108134,0.020285624,0.014525393,0.007502376,0.004230375,0.006501492,0.011564815,0.014968722,0.014436109,0.010965213,0.006530664,0.001365863,0.005924348,0.015470324,0.023853141,1.905394124,1.828776017,1.830125099,1.887253595,1.687708053,1.754354791,1.835284004,1.793917117,1.71729901,1.718648092,117.6049643,114.3047807,107.3137208,107.906186,101.2951878
X303,0.514369959,0.505852103,0.509592416,0.496723493,0.473587478,0.473083353,0.514912184,0.577302714,0.611576676,0.587150552,0.522574368,0.470716637,0.471264119,0.516380624,0.562700498,0.577041623,0.569797985,0.582354652,0.640951522,0.723413736,0.773114741,0.748179832,0.659101444,0.559026561,13.63502926,10.09235932,9.621570558,10.58800423,11.08800659,9.543988453,11.86668788,13.65999309,10.11732316,9.646534389,402.8386829,379.6776675,351.0691924,349.7486109,321.246673
X305,0.418262904,0.401037411,0.375923766,0.361654222,0.381054226,0.438502963,0.508983731,0.552086702,0.541764375,0.486910424,0.424590797,0.391495512,0.398049889,0.426234233,0.45016495,0.458821161,0.460877722,0.470422083,0.490257212,0.509524551,0.516048694,0.508681,0.496303265,0.485686763,11.18258361,10.63213955,9.276287592,9.317529436,9.002030185,9.062331033,9.781748061,11.19149058,10.64104652,9.28519456,267.0322503,275.6968905,272.4026989,285.1720575,284.8106576
X308,0.341534951,0.329940845,0.286514437,0.226922964,0.178871049,0.159471876,0.164345828,0.177531368,0.190240678,0.208377222,0.241449736,0.285694604,0.320917037,0.326619885,0.302439993,0.271908733,0.263899875,0.288059122,0.32716925,0.353697695,0.354731667,0.341638931,0.335851996,0.345416266,6.964067924,7.000364317,6.442905126,6.74563246,6.572632461,6.205583467,6.350349555,6.922235104,6.958531498,6.401072307,132.8960229,154.4780613,170.7573803,197.3175128,209.8964776
X312,0.161188987,0.145974872,0.133989738,0.126944298,0.132927062,0.159140859,0.201436451,0.24191399,0.259310564,0.244646823,0.208595925,0.173612252,0.15726453,0.160923591,0.172718112,0.180559951,0.182488765,0.185356015,0.19472472,0.207030381,0.211891381,0.201751492,0.178809631,0.152504622,2.813944809,2.18134033,2.396730595,2.541659611,2.14340663,1.99708534,3.129344895,2.727559411,2.094954932,2.310345197,208.4189702,194.2986959,172.7972087,163.5273281,145.6263974
X313,0.178271661,0.137288655,0.11715965,0.115155673,0.118408773,0.117849316,0.116843845,0.126529872,0.153069089,0.189776424,0.221901899,0.239168381,0.243694813,0.245919939,0.253291792,0.263456502,0.268558498,0.265481386,0.260585996,0.263254141,0.27451078,0.282856521,0.272870243,0.239378214,5.109482355,6.008098479,6.559760075,6.468838832,6.066429412,5.892011197,5.398478939,5.124370432,6.022986556,6.574648152,137.6113277,146.7156007,155.1287322,168.8882977,165.4428623
X314,0.140637391,0.140066085,0.14424863,0.149516474,0.152995905,0.153475482,0.151276762,0.147800854,0.144909465,0.14392034,0.144454386,0.144134251,0.140021462,0.131302481,0.121197096,0.116034823,0.121424231,0.137980557,0.159913663,0.17791502,0.184562152,0.17850936,0.16467555,0.150658871,4.124618875,3.802894537,4.077604249,4.186252683,3.939395461,4.157342075,3.573027281,3.985219182,3.663494845,3.938204556,100.7134473,121.1575332,136.9130189,162.4410541,176.0576673
X315,0.290553254,0.273715402,0.271184503,0.287655716,0.316490239,0.3429512,0.353980728,0.346842671,0.329749208,0.314449816,0.307451268,0.30706024,0.307654498,0.30615791,0.304521467,0.306662197,0.31380362,0.323129045,0.330617705,0.334451335,0.335172822,0.332844795,0.325194795,0.30987652,7.556474542,7.474689647,7.641177174,7.62567851,7.321773529,7.053890498,7.606489944,7.642579863,7.560794968,7.727282495,218.8032754,206.0576852,188.07479,181.6091196,168.1764628
X320,0.187773046,0.180896657,0.184466818,0.184901205,0.180866292,0.181000724,0.192409207,0.212231942,0.230172904,0.238279656,0.237452972,0.234567141,0.234449285,0.236154956,0.237607121,0.242656508,0.260973989,0.298392877,0.346343476,0.382181746,0.383193187,0.34385011,0.281406631,0.224213598,6.089549553,6.084239313,6.219338152,6.218821576,5.948231538,5.877314036,6.029548575,6.18545995,6.180149711,6.315248549,123.8754013,122.6936479,118.4429417,121.3150302,118.8803934
X323,0.189521513,0.176348,0.171150823,0.172579231,0.181713408,0.199906606,0.224511996,0.247617956,0.260168454,0.258368542,0.246592783,0.233958962,0.227543778,0.228239271,0.232525267,0.237666927,0.244724208,0.256309248,0.271622286,0.28429098,0.285901548,0.272445225,0.24784507,0.221329295,5.622577616,6.12213637,6.217057164,6.255802884,6.088067712,6.282049024,5.970683351,5.658785851,6.158344605,6.253265399,155.1724231,155.9261646,152.8342763,159.5642235,155.8499008
X326,0.177712322,0.17210629,0.173794712,0.178092884,0.181834447,0.186102016,0.193727578,0.204557708,0.21383291,0.215806328,0.209218134,0.199084008,0.192725782,0.193656712,0.199128948,0.203594018,0.204509492,0.204639773,0.208553955,0.216904416,0.224411485,0.223905511,0.212786745,0.195773959,5.125162594,5.017498472,5.292958451,5.391984691,5.275523528,5.143313038,5.147382024,5.394177652,5.28651353,5.561973509,81.12685318,68.56966627,55.27088605,45.44964195,32.92912198
X329,0.391258484,0.374363935,0.338641859,0.294981208,0.263950455,0.256968956,0.265115112,0.267907005,0.254056992,0.23335506,0.22699754,0.245226568,0.274590067,0.288555742,0.272476744,0.239237993,0.220015887,0.237959886,0.288724566,0.345132533,0.380480629,0.388243783,0.38099522,0.372442147,6.711119706,5.004613227,4.517426913,4.50149115,4.345932796,4.073018519,6.011966749,6.714735762,5.008229283,4.521042969,149.3190279,153.2456809,146.5827287,150.3463521,150.727564
X330,0.503035182,0.467045554,0.471427854,0.508290303,0.546602174,0.555892973,0.528693571,0.483490635,0.447390639,0.434884582,0.44061787,0.449668451,0.453021404,0.453412381,0.458383914,0.470403903,0.485182957,0.498705847,0.513147124,0.533194063,0.555926003,0.566474896,0.547522419,0.496371179,11.46536901,8.689621745,8.874049185,8.9884888,9.048675802,8.841076066,10.3907852,11.6260004,8.850253136,9.034680576,248.8330857,232.5353136,202.4800057,190.0769829,182.0803169
X331,0.33758665,0.301465737,0.269958441,0.255419741,0.255246917,0.25555216,0.245574809,0.228000737,0.214791049,0.21322734,0.217175097,0.213376003,0.196956569,0.1801276,0.183944919,0.219606403,0.276697815,0.329953883,0.358811272,0.362013389,0.354458011,0.350485935,0.350297537,0.342195565,7.258275942,6.538058343,6.705118512,7.24440977,6.38369687,6.471068572,7.371129179,7.270954667,6.550737069,6.717797238,171.3645915,178.729536,178.2716075,190.7161142,192.2125223
X333,0.365721015,0.367281054,0.350255513,0.32461312,0.302620514,0.292848944,0.297124454,0.311112049,0.326826521,0.335283692,0.328945781,0.304364607,0.264483953,0.218762506,0.179739622,0.157229412,0.1538028,0.164908426,0.183562278,0.205760128,0.232100593,0.264400677,0.300562561,0.332620776,7.10957034,5.806032695,6.030839866,6.154609987,6.045428764,5.772121105,6.626341634,7.124021173,5.820483528,6.045290699,148.6936947,156.7084254,156.6593381,168.4364225,171.3836214
X337,0.39594087,0.346932324,0.316827084,0.299258116,0.28919857,0.28982348,0.307073867,0.339196156,0.373865341,0.397160933,0.405611547,0.408592032,0.417943765,0.43509764,0.44922204,0.449100315,0.437098705,0.430355065,0.446149637,0.484186276,0.522687358,0.533186615,0.501810228,0.438871564,9.592456198,7.538729031,7.621423369,7.573379415,7.450372096,7.247545846,8.513277403,9.685846468,7.632119301,7.714813639,237.7995293,226.8646106,204.439088,197.0885343,184.4484788
X341,0.302901376,0.300284243,0.289413292,0.269755361,0.243698367,0.216044328,0.193265426,0.181627294,0.184016841,0.19733027,0.213166833,0.222629825,0.222436657,0.217609867,0.218064383,0.231181635,0.255956602,0.283307294,0.302288324,0.30731792,0.300998441,0.290940831,0.283719036,0.280735851,5.461052885,3.676280466,4.116533481,3.862084644,4.153865598,3.826044174,4.794755919,5.450676158,3.665903739,4.106156755,108.9504563,118.5111401,119.9461203,131.223956,135.28722
X347,0.197625585,0.173201491,0.160781502,0.155323958,0.152943661,0.15171498,0.152631082,0.160674036,0.182980148,0.222474741,0.27080866,0.308053915,0.313033648,0.278933897,0.222135268,0.175301797,0.16752672,0.20523494,0.267913499,0.321710481,0.340551911,0.319692017,0.273831124,0.224176187,5.223491374,5.309577846,5.352937648,5.46240454,4.975720728,5.084390593,5.498011281,5.230869083,5.316955555,5.360315357,169.0275406,166.0712364,158.0210185,159.9595226,153.4413806
X349,0.166920611,0.151797938,0.151102677,0.164868717,0.181339685,0.185331879,0.171826481,0.151814567,0.143827765,0.15806802,0.187541584,0.214489026,0.226222848,0.225743921,0.227577253,0.243222318,0.270059673,0.293675265,0.300542761,0.288651774,0.266726638,0.244440877,0.224445198,0.203937574,4.071814124,4.231012581,4.530800166,4.552204154,3.768654005,4.283190554,3.921006163,3.947751779,4.106950235,4.406737821,165.8888668,173.6547024,176.54359,190.261363,190.1209341
X350,0.246913504,0.228686401,0.23049407,0.240629676,0.246796031,0.246647809,0.247947332,0.258648532,0.277002671,0.291685332,0.29207476,0.278831517,0.264557971,0.263805657,0.281696058,0.311272778,0.340919897,0.36370021,0.379592625,0.389765214,0.390548716,0.374851478,0.340380267,0.29599335,7.266090093,7.466246274,7.336311712,7.500857649,7.287033558,7.217202683,7.261557945,7.249545487,7.449701668,7.319767106,255.5215332,251.5641381,240.4092915,244.779195,233.4242695
X352,0.210410833,0.180983866,0.168431547,0.169299487,0.176787455,0.185816115,0.195224493,0.206333918,0.21994688,0.234505809,0.246570204,0.252771587,0.25168645,0.244744787,0.236167798,0.232039372,0.238286038,0.257620605,0.28669447,0.315682424,0.331788063,0.325584852,0.296543344,0.253915663,5.465518863,5.644110394,5.543885254,5.746994019,5.522540328,5.227378213,5.547476565,5.584978626,5.763570156,5.663345017,235.9629533,207.9744292,175.7438977,154.3661954,124.5136701
X353,0.152446227,0.15204777,0.15951088,0.170806371,0.188305449,0.214732873,0.245027644,0.265942852,0.265340461,0.242821486,0.211185653,0.186693471,0.176918101,0.177325597,0.179147269,0.180047707,0.186539782,0.205627175,0.234288942,0.258020958,0.261000916,0.238998626,0.203181929,0.171409949,5.450300251,5.233958599,5.429607905,5.427429368,5.690537893,5.345836674,5.176242925,5.451847638,5.235505986,5.431155292,165.5310151,165.1704467,160.1261307,166.0848514,160.4979955
X354,0.153938547,0.16701755,0.176247656,0.17111796,0.165900904,0.179933534,0.213985346,0.24723193,0.257332454,0.242399519,0.222210447,0.217804192,0.230980092,0.245116997,0.246233272,0.241481531,0.25402924,0.297449469,0.355092323,0.387222499,0.36247017,0.285701433,0.196159498,0.136759072,5.00080465,3.898394285,3.705075404,3.801896569,3.453927601,3.907110484,5.011078641,5.003509673,3.901099308,3.707780427,162.9747693,159.5521156,146.1200335,144.1150963,136.2521439
X357,0.263452358,0.249255595,0.239771844,0.24793934,0.278601303,0.318207776,0.341415918,0.330660072,0.29145089,0.249033476,0.228845633,0.238006193,0.263674327,0.288042241,0.304572734,0.320268621,0.34345469,0.370875232,0.387833329,0.38125763,0.352283884,0.31557924,0.286281823,0.267969813,7.672456298,7.147666281,7.500073795,7.746246337,7.208610882,7.372032373,7.420869411,7.625199948,7.10040993,7.452817444,230.2545327,235.8873819,233.2107484,246.7925717,244.218657
X358,0.173742196,0.167557691,0.163767057,0.166544317,0.178735187,0.198432234,0.217468627,0.224713663,0.213279808,0.186574822,0.157809289,0.1422022,0.147128995,0.167545386,0.19009013,0.202506297,0.20113988,0.191400694,0.182031688,0.178540147,0.180675952,0.184588184,0.186552734,0.185043581,5.00181178,5.032734183,5.232096263,5.195509827,5.369092205,5.199900104,4.912372217,4.989140986,5.020063389,5.219425469,151.4092643,153.5410931,151.5219076,159.6278529,156.3475064
X363,0.366476646,0.338747818,0.31832128,0.309061306,0.311434428,0.321658663,0.334041597,0.345280389,0.356867784,0.37282386,0.394276521,0.415917953,0.428342702,0.425161983,0.409117618,0.391657241,0.385676326,0.396842928,0.420063447,0.443325595,0.455337962,0.451111474,0.432383293,0.404449149,8.330539284,7.886028574,8.316353109,8.152282468,7.893012646,7.909938,8.08327561,8.486283164,8.041772454,8.47209699,229.8668013,220.3400784,204.3125347,201.3646263,186.4718427
X364,0.318797719,0.288250682,0.273491035,0.264705445,0.260003464,0.265797537,0.285713166,0.311521384,0.327166297,0.322684516,0.303752854,0.28646873,0.282032689,0.286784073,0.288099791,0.280499265,0.275157959,0.291648808,0.338227991,0.3992718,0.443038647,0.444406275,0.403180647,0.342456965,7.307809929,6.2477411,6.55440553,6.438647892,6.050557743,6.097982706,7.436415273,7.443906191,6.383837362,6.690501792,173.2278766,162.1981858,143.4697379,134.7683768,122.4005951
X367,0.182284438,0.171941577,0.169151597,0.171813669,0.176676378,0.180520672,0.181487913,0.180015703,0.178522416,0.17963027,0.184023826,0.189734014,0.193753029,0.194911558,0.195593534,0.200516189,0.213134296,0.232321291,0.251991145,0.264156068,0.263342335,0.249396701,0.227098403,0.20333121,4.40987652,3.761244359,3.729678214,3.826888266,3.692675673,3.812200012,3.967245428,4.421494994,3.772862832,3.741296688,109.2931657,111.115142,107.5862753,111.9978505,110.1715258
X368,0.363021627,0.278823227,0.209536632,0.16987879,0.167205792,0.200654116,0.260220292,0.327373391,0.380121852,0.402374058,0.392445476,0.36407551,0.337978899,0.329399041,0.340673099,0.363820304,0.38982233,0.415941548,0.444857963,0.477256734,0.505529381,0.515093482,0.492867859,0.436227166,8.284466568,7.646997263,8.017957395,8.032769616,7.667595771,7.718078913,8.347032936,8.30742996,7.669960655,8.040920787,235.5408857,233.9735571,223.6452916,228.9179818,222.8390832
X371,0.24964613,0.260462882,0.27314982,0.271955654,0.265707016,0.27783813,0.320287057,0.376791083,0.412632619,0.40280088,0.35302637,0.294942241,0.260799026,0.261215254,0.284510802,0.314226292,0.344742926,0.379545687,0.416718166,0.440413002,0.430556168,0.382760796,0.317716326,0.268098844,8.896684316,8.77555848,9.093862924,9.34962846,8.869145882,8.679794905,8.866533258,8.880314808,8.759188971,9.077493416,224.966989,237.0388647,242.0440414,262.653211,265.3996043
X376,0.311268914,0.271326738,0.242222004,0.228815042,0.233776725,0.255843373,0.288468007,0.321007506,0.342815732,0.348031037,0.337920863,0.319366073,0.300937988,0.289480625,0.288986012,0.301135746,0.325597818,0.359155697,0.394789282,0.422644912,0.433426023,0.422421367,0.391476754,0.347691436,7.328116511,6.585678019,6.740203976,6.812449408,6.649909971,6.64774499,6.740498571,7.357365964,6.614927472,6.769453429,221.1575254,212.11197,195.6038701,193.0975568,183.5621365
X377,0.138288335,0.133630248,0.137249996,0.145065031,0.153768356,0.163150687,0.174326835,0.186240726,0.194628899,0.195012073,0.186950872,0.175209775,0.166331757,0.163629963,0.16522958,0.166853847,0.166422484,0.165820109,0.168120044,0.173209882,0.176495493,0.172385039,0.159480152,0.142550997,4.521222376,4.381640484,4.47228954,4.737574034,4.495827729,4.618322468,4.810158152,4.643805008,4.504223116,4.594872171,119.8587611,99.25862442,76.0392714,63.97392111,57.79560606
X378,0.182999042,0.171466356,0.175604878,0.195018809,0.225778757,0.259492558,0.284487951,0.291031566,0.277970683,0.255010926,0.237171006,0.234532495,0.245241014,0.257772053,0.260847965,0.252739021,0.242130017,0.240047783,0.250002789,0.264713993,0.27175169,0.262866642,0.239385431,0.210352175,5.0402146,5.003228375,4.62839353,4.997645157,4.628398899,4.613980959,5.104063637,4.90884331,4.871857085,4.497022241,209.9831306,213.3348715,208.7749332,218.3656067,214.6957842
X379,0.455451733,0.414140275,0.384861095,0.363480197,0.349383027,0.348336934,0.36459206,0.392086005,0.415812427,0.423419694,0.415639476,0.404511419,0.400635944,0.402372922,0.398636728,0.38330155,0.366659729,0.370902006,0.411567479,0.481138076,0.550363729,0.587471044,0.579447717,0.538045393,8.812243761,8.981411535,8.620539158,8.488829834,8.337233574,8.316936561,8.255122138,8.987024436,9.15619221,8.795319833,170.1959557,163.9169951,153.6365374,151.6566133,145.2188823
X383,0.219070378,0.187604524,0.169756976,0.16337386,0.163554158,0.170115689,0.187852728,0.218922597,0.255504951,0.281539803,0.283761817,0.262703299,0.23341313,0.214629162,0.215601106,0.23168722,0.251465537,0.267573783,0.280886039,0.295087217,0.308514741,0.312547044,0.298700907,0.267387532,5.04910413,5.06645896,4.936533291,5.018502119,4.761139951,4.570736507,4.793179603,5.079529236,5.096884066,4.966958397,256.2650656,229.2401234,196.8995598,176.6258867,149.1148285
X386,0.417350689,0.412452727,0.409940717,0.423255765,0.455941428,0.488952096,0.489924703,0.43921023,0.349256568,0.258067258,0.201018058,0.185799613,0.192552121,0.197611437,0.197383378,0.209725239,0.252660991,0.322207649,0.391341079,0.431036083,0.433023523,0.413156948,0.394018742,0.385362708,9.079173344,8.082599961,8.309575431,8.431071019,8.437422734,8.061483166,8.889793191,9.110551115,8.113977732,8.340953202,220.9650256,226.4362862,222.2794406,234.0113615,232.0707874
X389,0.350720111,0.372879211,0.391220958,0.394429254,0.392906581,0.404699647,0.433738527,0.463108279,0.470374596,0.449456185,0.416919289,0.396378868,0.396796659,0.406461808,0.408271771,0.400019571,0.398072784,0.419749203,0.461937873,0.498464617,0.500828383,0.463633371,0.410507581,0.37441174,8.866277942,7.594734681,7.232916707,7.752890291,7.186975737,6.761636091,7.569211412,8.932093252,7.660549992,7.298732018,143.1915211,158.1648601,161.1411233,177.5302098,178.5064192
X393,0.151259743,0.157920211,0.157333389,0.153689792,0.166616107,0.210499481,0.276085795,0.333019151,0.35256592,0.330525336,0.289832213,0.261073789,0.259051001,0.275781862,0.293582213,0.303024683,0.307898605,0.314362781,0.318242407,0.305739381,0.267792785,0.212899777,0.163715145,0.139070263,7.165401545,6.971478127,7.411663352,7.476548938,7.309015503,7.089064501,7.114941145,7.148069213,6.954145795,7.39433102,238.8247425,236.9997652,228.6123664,235.5355707,226.6087131
X396,0.156960601,0.158305355,0.15672731,0.143096065,0.132093234,0.146686568,0.191445612,0.242367499,0.264983652,0.244384895,0.198475165,0.161679001,0.154851937,0.170101212,0.183938215,0.184043695,0.181970751,0.199045369,0.240326918,0.283941661,0.297863007,0.26855901,0.21362131,0.165954865,5.431575649,4.270737162,4.435174305,4.634696273,4.363139381,4.309635534,4.922667207,5.420781331,4.259942844,4.424379987,123.8437778,130.591168,130.3119958,140.0802879,142.0553346
X397,0.442531891,0.410484954,0.394085487,0.395058214,0.408619114,0.427225083,0.444763505,0.458847773,0.470464496,0.48181117,0.49388812,0.505204045,0.512245305,0.511514733,0.502138191,0.487498513,0.474518303,0.470361158,0.478053255,0.493707128,0.507545055,0.50872066,0.491364994,0.458208409,11.71016804,11.71617036,11.95734932,11.78935444,12.00841341,11.26365815,12.25478487,11.91808448,11.9240868,12.16526576,161.6371242,175.04459,183.1204136,202.383055,210.3282114
X398,0.158756271,0.138173716,0.135148158,0.142625955,0.149239757,0.14974957,0.148877571,0.155599593,0.173661592,0.197139243,0.214737692,0.218443961,0.208758462,0.192757403,0.178149202,0.169379269,0.168364543,0.176871532,0.196046865,0.222698402,0.24693709,0.255824096,0.241976091,0.210205911,4.609911648,4.217497311,4.073067796,3.990903812,3.66893514,3.573601441,3.919369127,4.587390487,4.194976149,4.050546635,105.7394763,114.4312506,118.8392508,129.7289102,132.411255
X399,0.130658503,0.134154205,0.143188353,0.149737692,0.145582102,0.129310394,0.109486733,0.100032682,0.110277169,0.137308129,0.167158084,0.184397967,0.182780924,0.168751107,0.155606481,0.153571699,0.1636084,0.178758823,0.19036711,0.193456821,0.187867996,0.176291652,0.162396662,0.15039997,3.658245028,3.040812223,2.55801696,2.724884365,2.378652122,3.17623518,3.28193643,3.644591149,3.027158344,2.544363081,119.1908959,113.6914771,106.7016976,108.1318382,99.78235967
X402,0.280870581,0.220338168,0.197136065,0.20638442,0.228031896,0.247031719,0.266044632,0.2987081,0.350853314,0.409052973,0.44870186,0.454550793,0.434220165,0.411831758,0.407875667,0.424101481,0.446438589,0.460955523,0.465782144,0.467500452,0.467525434,0.45476409,0.414242699,0.344172437,8.533811697,8.140759307,9.010425845,8.656682871,8.360377841,8.221148855,8.257842315,8.560949919,8.167897529,9.037564067,232.2334713,233.957557,229.6262404,239.5835507,234.52685
X403,0.187432752,0.151695057,0.136357403,0.143232448,0.157943908,0.162716686,0.153289986,0.143879526,0.154522591,0.191704363,0.240060274,0.273247291,0.274674914,0.249983875,0.221023922,0.207841628,0.214989938,0.232728648,0.248974494,0.258851802,0.263489203,0.262234433,0.249258704,0.219722946,4.287597492,4.124098487,4.218734283,4.209680225,4.051674763,4.173652707,4.393606105,4.294091984,4.130592979,4.225228775,122.0285863,123.2659958,119.8211858,124.5463281,121.8030074
X405,0.129901118,0.131155311,0.148939052,0.160544041,0.154642557,0.141574153,0.143321488,0.172276727,0.218387073,0.256426549,0.266521774,0.24934048,0.22322859,0.207706059,0.20937729,0.221907097,0.236808617,0.251840735,0.268385022,0.282565937,0.282446655,0.257124779,0.209738168,0.160135367,5.558095205,5.537876058,5.666834321,5.794349614,5.583186381,5.600568206,5.505438963,5.56843353,5.548214383,5.677172646,158.5073631,159.9016763,156.5855006,163.7119289,159.8247027
X406,0.304993904,0.267501952,0.252467073,0.261996894,0.28401535,0.301889304,0.305292285,0.294426795,0.27627592,0.258012977,0.243491272,0.234191117,0.231383834,0.236137913,0.247509587,0.262128034,0.276931092,0.292611718,0.313355234,0.341573859,0.371935103,0.391179115,0.385949258,0.353413345,6.551971608,5.637042772,5.815275133,5.873737483,5.575310644,5.136673009,5.49120584,6.479187116,5.56425828,5.742490641,273.4024934,263.5552832,244.7659167,244.3557159,226.7426492
X407,0.328899145,0.316543368,0.314532193,0.31383851,0.309399591,0.304316035,0.30626428,0.319819677,0.341633003,0.362354623,0.373096833,0.370789755,0.358727984,0.343357144,0.331039703,0.326974927,0.335051444,0.356314738,0.386212036,0.413849375,0.426157608,0.415600643,0.385822107,0.350046918,9.428581821,9.094050608,9.494698816,9.735194866,9.293176357,8.910520728,9.214319536,9.387883208,9.053351996,9.454000203,277.1342915,282.7426797,280.1785978,296.0549333,292.692009
X408,0.345870208,0.286614778,0.237935398,0.230773255,0.280340822,0.366880087,0.441997516,0.460464154,0.413333756,0.334456853,0.274115482,0.261628015,0.287742145,0.319377244,0.330916305,0.323703227,0.318930801,0.334369762,0.368212488,0.403130361,0.422680852,0.421957294,0.403801726,0.369213669,8.953997271,7.52856403,7.543606722,7.473951517,7.367551406,7.304845427,8.341618161,8.915058341,7.4896251,7.504667792,233.8966447,238.2626884,236.6317945,253.1458089,248.733855
X410,0.124018419,0.121309164,0.119993163,0.117764045,0.121092389,0.137942842,0.167800252,0.199267864,0.218197177,0.218989029,0.208546103,0.199428334,0.199032964,0.204998695,0.2103891,0.212387978,0.21510701,0.22365531,0.236033747,0.242009595,0.231155802,0.202707433,0.167511862,0.139740831,4.42684257,3.968137919,3.97018727,4.175921368,3.987258825,4.136701994,4.253662616,4.412771946,3.954067295,3.956116646,145.191127,144.1582918,137.1257952,140.2570909,134.5947869
X412,0.025611547,0.021302039,0.020734375,0.022943193,0.028188938,0.036548444,0.045877004,0.052020311,0.051758453,0.045799706,0.038627232,0.034891795,0.035542912,0.037409203,0.036751631,0.033422526,0.031512157,0.035622344,0.046121126,0.057846974,0.063630636,0.059614968,0.047812696,0.034004881,1.170399644,0.751453533,0.718742448,0.78469786,0.752887148,0.659486686,0.931605205,1.155510991,0.73656488,0.703853795,38.77096816,37.85132079,36.16669916,37.22874162,34.52955237
X414,0.138631254,0.109062637,0.1080525,0.115830331,0.120420375,0.129035931,0.15739712,0.208592713,0.263576401,0.293792321,0.284462395,0.246541771,0.206473478,0.184307333,0.181152428,0.186350065,0.194377763,0.212149519,0.248413856,0.296829467,0.332331381,0.32782018,0.277289573,0.203444795,4.463564122,4.554507412,4.633576969,4.872026399,4.590365712,4.745451865,4.671187462,4.454236911,4.545180201,4.624249758,219.7430883,208.2052391,190.2730513,184.7913133,168.1365033
X419,0.143024933,0.140584478,0.146602167,0.157921818,0.16805698,0.17115183,0.165379476,0.153546924,0.140792107,0.131289476,0.12627777,0.124389124,0.12348123,0.122381277,0.121497275,0.122329637,0.126511324,0.134869221,0.146680157,0.159332879,0.168854055,0.171581244,0.166411933,0.156160344,3.708979957,3.601771898,3.595668513,3.686513906,3.642016409,3.512749852,3.615806517,3.703926149,3.59671809,3.590614705,116.5282995,116.3858937,112.3540413,116.064766,112.1249663
X421,0.365993958,0.290031749,0.255888485,0.276510584,0.340619324,0.418152863,0.476660584,0.497640999,0.482611375,0.447039175,0.408848122,0.380221518,0.366402759,0.368706234,0.386835846,0.418607049,0.459034352,0.50119276,0.538408813,0.56513692,0.575391012,0.561339185,0.516024276,0.440567812,9.613091653,9.271324707,9.322404332,9.320015802,8.842252272,9.051344202,9.848480794,9.730320468,9.388553522,9.439633147,247.3246012,236.4586341,218.1823099,218.1930427,207.7354236
X422,0.309764841,0.300752067,0.288333236,0.286094828,0.308233677,0.353815087,0.402654903,0.428959726,0.421737167,0.393558439,0.369330266,0.365090387,0.375965637,0.383567318,0.374822415,0.354082158,0.337718336,0.337627159,0.350185927,0.360813725,0.358424839,0.344805464,0.330173341,0.320926904,9.036853189,8.123950865,7.967958964,8.213528128,7.797533203,7.426236749,8.171002454,9.064079698,8.151177374,7.995185473,215.6434459,219.0719994,214.5643462,227.4494814,222.6554043
X423,0.250677486,0.23481764,0.234464709,0.245009288,0.261157984,0.278315677,0.292334388,0.299989531,0.30086296,0.29854497,0.29875827,0.304958768,0.315174894,0.323567224,0.326037922,0.324969496,0.328218067,0.342355867,0.365624426,0.386957532,0.392608549,0.3755051,0.340135155,0.299523353,7.835442506,7.603239696,7.968851988,7.850642178,7.766142002,7.865901395,7.747035839,7.932637297,7.700434487,8.066046779,116.0388333,129.1123595,137.5509193,155.1828554,162.7373063
X426,0.160822367,0.171608318,0.19282661,0.208892532,0.209827001,0.199493499,0.192056872,0.198762976,0.216526244,0.229064754,0.22044953,0.1896524,0.153415853,0.134794023,0.146898137,0.184823021,0.230902188,0.267140021,0.284201736,0.281737757,0.263609909,0.234880312,0.202863385,0.178145366,5.590353141,5.864071,5.945396866,6.083553772,5.587405926,5.57707065,5.831178489,5.509644221,5.78336208,5.864687946,216.1323325,222.4214819,219.5778,232.5064374,229.0485531
X427,0.217567694,0.185659666,0.182913364,0.202461328,0.229401476,0.250044295,0.259345199,0.26161907,0.264793716,0.273227567,0.284683971,0.293222129,0.294968917,0.291899592,0.290936619,0.299511,0.320924395,0.352143333,0.384497116,0.406354702,0.406898636,0.380431931,0.330045246,0.268428908,8.083706797,7.90289792,7.98665755,8.338102353,8.13765417,7.991851175,8.021087378,7.998031885,7.817223008,7.900982638,256.3881974,263.7466777,262.3651388,279.2807767,277.253722
X431,0.220282279,0.204326664,0.207602581,0.218722717,0.228331958,0.236200832,0.248755668,0.27020733,0.296276003,0.316607207,0.32340913,0.318013617,0.309420515,0.306739308,0.312896275,0.324883862,0.338780633,0.353204531,0.3673742,0.376639346,0.371887439,0.345560509,0.299650794,0.24768593,6.981385123,6.249561846,6.536917735,6.710762631,6.765567241,6.44039242,6.45401399,6.830991255,6.099167977,6.386523866,293.9319803,303.3772254,302.0533376,319.0759749,304.4370458
X435,0.255058779,0.245134968,0.25402219,0.266613621,0.268964431,0.259626784,0.248831444,0.247458301,0.25672572,0.267839549,0.270775348,0.263027251,0.250335818,0.240135918,0.235478546,0.235529368,0.240736578,0.255271727,0.282437826,0.317230141,0.344908178,0.349645017,0.327178938,0.290051109,7.30177976,7.124012921,7.309094498,7.404019453,7.121026719,7.356986846,7.344862102,7.292808201,7.115041361,7.300122938,225.4520958,226.5071993,219.7499535,228.1244769,221.6333032
X443,0.378956853,0.364557671,0.360765389,0.366623434,0.378099236,0.38994888,0.397013394,0.395671244,0.385656915,0.370926528,0.357932508,0.351587098,0.351746695,0.353443288,0.351303225,0.344789928,0.339653363,0.343811396,0.360624176,0.385007018,0.405743866,0.412417531,0.401790501,0.379189421,8.922652778,7.695753294,7.917878316,8.128625417,7.752620612,7.739154505,8.772077814,9.02645679,7.799557306,8.021682328,115.6594369,131.7837197,139.7755935,158.4270479,169.1138299
X445,0.431228577,0.414208423,0.402464236,0.389909782,0.384103929,0.398097145,0.433116732,0.471074605,0.486529478,0.467955341,0.427991492,0.392381819,0.377897488,0.380250285,0.383049812,0.377987549,0.375357691,0.393818259,0.439292372,0.494244341,0.528888441,0.524652938,0.488312315,0.444237826,8.361905619,8.473171979,10.31157252,9.364065506,8.926300823,8.403400812,8.509902928,8.620831397,8.732097757,10.5704983,244.2003008,214.5990554,185.301441,167.6791061,150.8949939
X446,0.256348038,0.207449744,0.172114313,0.153421811,0.147939912,0.153299002,0.17201692,0.20736592,0.255642465,0.303461662,0.334239165,0.33909763,0.322797626,0.29955249,0.28265495,0.276991068,0.279977989,0.288036419,0.300841745,0.318915992,0.3379068,0.346971289,0.334741269,0.298343416,6.096912939,5.499684311,5.803113709,6.144944745,5.692024502,5.475104827,6.050903316,6.081504679,5.484276051,5.787705449,200.3824162,198.3421714,189.5107965,194.0434875,186.4821301
X449,0.13105108,0.11822849,0.133464433,0.145645116,0.139916039,0.132864523,0.155970964,0.222737282,0.311107098,0.378593985,0.396570619,0.372325493,0.339660545,0.328602337,0.343149325,0.365824604,0.380466238,0.387873573,0.398791328,0.414036252,0.415708701,0.381662935,0.309953406,0.227488488,6.431868668,6.723008756,7.081728065,7.153593415,6.909500569,6.767473147,5.820077155,6.417705102,6.70884519,7.067564499,227.1368873,223.0705214,215.4616207,221.0564359,210.2113276
X450,0.147773118,0.135109294,0.14342092,0.151230081,0.14623684,0.13627189,0.141571643,0.175528006,0.231215307,0.285313133,0.315263928,0.31445828,0.293580458,0.269641646,0.254328549,0.251112865,0.259861522,0.280308205,0.309111206,0.334844969,0.339855416,0.311564277,0.254662091,0.191800027,5.877712147,6.273197166,6.069742634,6.332592037,5.889305843,5.970674751,6.153171502,5.878740329,6.274225349,6.070770817,179.6196378,181.9124584,176.8634299,184.7248892,180.4876898
X455,0.326529192,0.290031431,0.272937623,0.275769629,0.29173469,0.312606401,0.332450058,0.34801166,0.357944904,0.362914237,0.365972695,0.371161942,0.38010095,0.389457679,0.392706882,0.386008515,0.373457523,0.366196804,0.374582365,0.399006633,0.427159639,0.440906466,0.428187781,0.391106688,7.637468234,7.270495664,7.263767215,7.439544931,7.395626016,7.211634466,7.188345097,7.779865136,7.412892566,7.406164117,208.8662943,178.4309208,143.7350867,120.9906318,116.2354452
X457,0.253825775,0.229021959,0.224666633,0.23210629,0.245249011,0.2663057,0.29908584,0.338309094,0.368118847,0.373456965,0.353953065,0.326108748,0.310320026,0.314246439,0.328134068,0.336415953,0.334086319,0.33160377,0.343311086,0.370692964,0.397196895,0.400421966,0.370825219,0.319869973,8.309867902,6.569440915,6.544122185,6.512261381,6.206443746,6.415783106,7.280457673,8.353771265,6.613344278,6.588025549,162.2333519,168.7870457,165.003244,173.4377904,175.2380234
X459,0.103937382,0.104165626,0.108233508,0.116962777,0.131184496,0.148629632,0.163172576,0.168130542,0.161176757,0.146428658,0.131582889,0.122476261,0.119796763,0.120545528,0.122315508,0.125920153,0.133802971,0.146044481,0.158285989,0.164042735,0.159539114,0.146670678,0.131451556,0.119557355,3.729715954,3.408244484,3.491356557,3.542646645,3.41725298,3.316486737,3.115019407,3.676822498,3.355351028,3.438463101,103.0157058,107.4698515,108.634099,116.8981569,117.6073085
X460,0.200720892,0.182726861,0.169459564,0.160859714,0.154973781,0.151197744,0.151490694,0.158411733,0.171937539,0.18819575,0.201444546,0.207643862,0.206642566,0.20147063,0.195882124,0.192526095,0.192908956,0.198152643,0.208814201,0.223463019,0.23767576,0.245319649,0.241962771,0.227911566,4.508452494,4.244575741,3.897863826,3.906135254,3.930071742,3.983494886,4.103438103,4.542745709,4.278868956,3.932157042,107.3315739,106.0479073,101.8138069,105.3858635,100.6720939
X462,0.216484197,0.257850456,0.298915549,0.317049402,0.305592507,0.277576995,0.253881344,0.247284347,0.255951239,0.26965444,0.28022336,0.285663911,0.285959712,0.27796992,0.257098941,0.224666339,0.192022972,0.174526903,0.179038438,0.196738326,0.209630326,0.206380737,0.193344349,0.18988468,6.843726888,7.050422275,7.075587013,7.129680701,6.920936617,6.990599503,7.009863656,6.947966623,7.15466201,7.179826748,145.2611535,140.5728374,131.361264,132.5410283,134.9873549
X468,0.220180964,0.190109731,0.175224466,0.187054847,0.22631838,0.275686248,0.308037871,0.305806619,0.27497409,0.240429855,0.225812463,0.235306702,0.253273803,0.261202909,0.255691818,0.25084275,0.263599438,0.296470448,0.333771098,0.354050535,0.346329786,0.315556055,0.274465571,0.232265225,6.157328342,4.066085331,4.298249142,5.293531734,4.536866787,4.648804894,5.976006363,6.156967334,4.065724323,4.297888134,155.5363123,154.8461171,150.0945644,157.0094827,148.5339163
X470,0.289723274,0.272215304,0.266647437,0.270458084,0.282672192,0.303145143,0.329214298,0.354451973,0.371819687,0.378511441,0.377561772,0.374359478,0.371465669,0.367067354,0.358768467,0.348732607,0.344291904,0.35228588,0.37178477,0.392181344,0.399314549,0.385138039,0.353138573,0.315362909,8.840762075,8.479784751,8.745399668,8.823005251,8.757906247,8.826973221,8.793153998,8.864293261,8.503315937,8.768930854,240.9968425,243.9555086,239.4000992,250.6801919,245.2094726
X472,0.194974721,0.204672525,0.196569579,0.181633727,0.188679124,0.232541895,0.295940672,0.34302468,0.350976028,0.328633342,0.304836445,0.299651346,0.307977868,0.311130862,0.302472748,0.298457704,0.321757043,0.372969426,0.42109558,0.42571593,0.372142781,0.286375659,0.214634289,0.185706152,6.347250597,5.818672238,5.995943627,5.834864646,5.76822519,6.096955283,6.054087422,6.361535769,5.83295741,6.0102288,173.9410011,173.9958694,167.6186686,174.3605022,169.1879681
X473,0.13118522,0.13264203,0.127575937,0.117621444,0.115496498,0.133013263,0.167284983,0.199212577,0.207308726,0.185202338,0.14708658,0.116150346,0.106504836,0.114576715,0.126430445,0.132489972,0.135122328,0.142806717,0.158357045,0.174096282,0.178978606,0.169928764,0.155276453,0.146510768,3.663301387,3.818107174,4.013609501,3.906415054,3.651565259,3.927336456,3.722429478,3.649511878,3.804317665,3.999819992,135.9533971,134.2308426,127.9914975,130.3404833,124.6533069
X481,0.243556479,0.251684341,0.261890824,0.268012696,0.268770204,0.266152693,0.260735743,0.24970043,0.23004391,0.203546645,0.177772908,0.161229449,0.156917633,0.160551743,0.16537009,0.168926913,0.175106408,0.189192588,0.210778843,0.231731015,0.241769411,0.236896709,0.222976007,0.211129096,5.948685965,5.220810347,5.401648953,5.766896656,5.538482523,5.531776182,5.995162343,5.920595629,5.192720011,5.373558618,180.9979535,184.2112927,178.6899984,184.2105708,175.8776982
