meter_id,X2018_7_1_1h,X2018_7_1_2h,X2018_7_1_3h,X2018_7_1_4h,X2018_7_1_5h,X2018_7_1_6h,X2018_7_1_7h,X2018_7_1_8h,X2018_7_1_9h,X2018_7_1_10h,X2018_7_1_11h,X2018_7_1_12h,X2018_7_1_13h,X2018_7_1_14h,X2018_7_1_15h,X2018_7_1_16h,X2018_7_1_17h,X2018_7_1_18h,X2018_7_1_19h,X2018_7_1_20h,X2018_7_1_21h,X2018_7_1_22h,X2018_7_1_23h,X2018_7_1_24h
X5,6.478950573532412,6.454945435611088,6.445795965804205,6.39089330564509,6.285647040350744,6.193452291263066,6.188333336257219,6.283998397612347,6.417990249096989,6.505529938402589,6.510512401701194,6.466827195077246,6.434320592283291,6.4379734686749375,6.4521275836452805,6.442104782431496,6.414964862073112,6.421686866369159,6.504444986955678,6.642184125977027,6.753651612923587,6.7615268690996295,6.659135347303811,6.515425505915076
X7,1.7408042947522258,1.7442832170321925,1.685580876482958,1.621687427836489,1.6253239698129822,1.72563663819571,1.8951724742559795,2.085365285680636,2.26735952306511,2.4373029382293616,2.588769361644433,2.6917906116551715,2.7091296425557445,2.636106754413362,2.5188389439885963,2.422989008219183,2.3760220417850704,2.338467699373064,2.2375013992914594,2.037336666244145,1.782242804818099,1.5693752082498214,1.4723898563824973,1.483207120922875
X10,3.933583736161145,3.982067404728063,3.8971204854858312,3.748701787951527,3.6815114429621034,3.8111580162916145,4.152658698666234,4.629966298177331,5.141866580251605,5.617836493264987,6.021686324261939,6.32003801255533,6.465092646856032,6.416991479675817,6.180614135920948,5.811169384331725,5.375165270345574,4.903740127579576,4.3883691235664894,3.8270908029129407,3.2735650290822305,2.830633977783566,2.5807909905446706,2.511564321620333
X16,4.142912478135641,4.176482315198167,4.220600238500277,4.1999143858174754,4.1375252793587585,4.081409384619121,4.058673939013345,4.1046564158764145,4.30404911279367,4.753423530255003,5.446285136252079,6.19423603571492,6.698597177000919,6.753987661019125,6.421593052320853,6.005743618727654,5.826856237870152,5.968591887037059,6.212850821565733,6.220793088719408,5.807511078277482,5.081944467063348,4.347931914412766,3.8690249624966944
X18,2.6160194093471416,2.6201332508654853,2.621613254025004,2.627471507060209,2.6405938524865697,2.655211476836903,2.6598371929967497,2.6460733442475215,2.6160378999513454,2.5818449599213866,2.557268917717402,2.5484093923787174,2.5508057768519317,2.5546158023340224,2.552680409956046,2.5446472817439076,2.5348001869891514,2.5270995407670123,2.5226017530338773,2.5208842322851095,2.5225504385166553,2.529151522850083,2.540426441635167,2.5524536714977253
X20,1.0736922100655812,1.0909148348775048,1.088644792151651,1.067343979150506,1.0511599347396872,1.0537598548940026,1.0611235903234455,1.0507020498879736,1.0243590337063195,1.015239993277422,1.0555490481166419,1.135905800020601,1.2010800330094873,1.1939163332954639,1.110056630220056,1.0103442171952695,0.9740890559489269,1.0319029527250712,1.138194738408705,1.2087888622396792,1.1902728645691287,1.0998689101127204,1.0034337396015143,0.9562067736304416
X26,1.2268927439010748,1.1558426171302931,1.2000662416896892,1.3515372081445547,1.5305306189459824,1.6420674718149946,1.6482082895024905,1.5920644637665893,1.5522581481313882,1.5703465969131256,1.6177378878191553,1.6300879704914502,1.573426464323942,1.4782971561981386,1.4114277717569026,1.4148705272462268,1.4712328321843262,1.524644735819912,1.5317623269467302,1.4910437573932824,1.4258086221760558,1.3466836762172782,1.239274255387239,1.0927193013252003
X30,3.3782901412207242,2.5197973312505737,2.146438342170312,2.0871479728096256,2.1157956121936845,2.0556162338152255,1.863681128407178,1.6712044498810759,1.7371339085293074,2.2996947025128125,3.391704159800163,4.751781620951764,5.930724671335611,6.555501875292843,6.5743627373736215,6.29288963291656,6.154929056076074,6.418378074530276,6.962898303351626,7.368972845865475,7.203492995514918,6.301412137053697,4.8556326752411705,3.283780539696714
X31,0.27989942126520617,0.250081676001177,0.26948635583329683,0.32216523206767345,0.3845133599157547,0.440860623012314,0.4876468514699048,0.526352525664296,0.5555890183832052,0.5712259018666657,0.5730011733852223,0.5683678565764885,0.5675105118825888,0.5738202335167149,0.5801916147458875,0.5762402995920297,0.5599278487881167,0.5413154981923467,0.5330587696501283,0.53573376878888,0.5327244270320172,0.5017551073428969,0.4346638280185985,0.3482860139115064
X32,0.18761356746358682,0.09249283692045573,0.06493877238819828,0.1250183915942556,0.25589142791665387,0.4095404356340349,0.5333003931581182,0.598759284707821,0.6124065221837115,0.6022255262835383,0.5933751593550758,0.5928596572166437,0.5927729807472384,0.5848162755304986,0.5707487241430649,0.5601526426183618,0.5601660044109564,0.568389545696231,0.574848162479729,0.5688225981537568,0.5426552764784889,0.4904944477230865,0.4077392808090633,0.2968958771553405
X35,0.005793053028751008,0.005813301561757625,0.005851499735197759,0.005867320377057433,0.005845539143318576,0.005812817649411195,0.005812576071998665,0.005861638319384585,0.005930905424338419,0.0059695497712524736,0.005950215407853784,0.005892555617309829,0.005843683178797757,0.005835584582854087,0.00586054428094687,0.005886194050118257,0.005892137348778485,0.0058899091466004215,0.005906804631773184,0.005952004685507656,0.006001695790039025,0.006020072347547823,0.00599558115922355,0.0059549945188593295
X37,7.066620916630603,6.0385138222854176,4.843093714537037,3.9122860850697765,3.4618773712457394,3.384255529491049,3.4117590303342458,3.370292875750007,3.2819557777936446,3.2508412506486417,3.290214427832893,3.294316621203011,3.186174481915693,3.069775176619446,3.196997974954639,3.7502266852992054,4.645393840984977,5.561873727958723,6.191817852457126,6.480859121410988,6.628969400672161,6.847396267256987,7.10704014604351,7.128766760433331
X41,3.0837151478452833,3.118197652390266,3.090942602031271,2.8485502217489604,2.3395415956019963,1.6851144561293083,1.1041270079212415,0.7596548646189192,0.6658416324735641,0.7307224970338297,0.8776452044182943,1.117046669904041,1.4997625582437026,2.009829867231354,2.5193640484231907,2.865024073304393,2.9789835749946096,2.946150297753791,2.927210115118924,3.0175652234740875,3.17512061860321,3.2816173464946976,3.270286525282998,3.188564952735377
X42,1.9039350165512254,1.8516690777206821,1.7943682108618202,1.7221389639880653,1.6330909278059493,1.5415939279554505,1.4681445720140696,1.421558550249341,1.3938322974881037,1.3751013887293482,1.3735268431300014,1.4167535688395867,1.528159495972575,1.6973846771804288,1.87419141503307,1.9961757212405415,2.0302086438379745,1.9935269180932753,1.9370057566692052,1.9055248574673933,1.908828316378228,1.924558172426383,1.9253784823780142,1.9025957394199284
X43,0.07874507654247553,0.1477159763678213,0.17736062974828726,0.11815506272287446,0.01394924696363431,-0.03882963942655582,0.029081460916777324,0.20857724773778852,0.42623168336764905,0.6019715073672272,0.6971854529143502,0.7196958014516042,0.6970977360854309,0.6540252869997041,0.612060884159488,0.5975016877013657,0.6318436746577892,0.7045334279856104,0.7584115672581624,0.7169675537931746,0.5438538407583186,0.28598517814055413,0.05507602988051008,-0.047500545523897375
X44,-1.7718591168645534,-1.7462076289212218,-1.5756734579110354,-1.5917107407702475,-2.0040267888036363,-2.514983376776592,-2.4121032422256103,-1.163944684036144,0.9953017120157703,3.079288899290905,4.0350848529371,3.54330737364048,2.2346801393364313,1.1310527066796447,0.8090675590758458,1.0151522384860976,1.0242027377836547,0.35499842552072525,-0.8277517097275324,-1.942310769124726,-2.553235529350689,-2.698257424989053,-2.7088796244530626,-2.7891142623523737
X47,0.5200363849988819,0.5228800250895765,0.5263458101523182,0.5233478338410542,0.5150779691421246,0.5067916469452304,0.5022849964457088,0.501988754015877,0.5044902713386386,0.5079117831363276,0.5092408134780634,0.5037534206403453,0.48772002430423855,0.4637593214244269,0.4435328919993651,0.4427686534327683,0.4699996787183281,0.5173741378006977,0.5622263907907856,0.5802191636897247,0.5610838848511589,0.5150779109243138,0.4652861416657151,0.43201877736743693
X50,8.715322162032779,7.7529341561468375,6.950859135125784,6.464685949338935,6.165114488524707,5.827358033492364,5.401902695203825,5.077400457608023,5.068771843424484,5.357563411488175,5.671820109526869,5.750701088499916,5.636899813846904,5.688630530167326,6.266676264951303,7.376695398114252,8.608859677160705,9.445530344467006,9.661087267845081,9.451980081025967,9.193193857393766,9.068553461962475,8.927704466144291,8.487285763455823
X51,18.282807240800604,17.11825123144598,15.912737799524661,14.43400217500109,12.654703252457157,10.860217738095297,9.49392934247239,8.850101105530431,8.86813555946034,9.205424730197679,9.530002969562066,9.78793316895079,10.228387239513413,11.180675570610013,12.778727522195597,14.847176510288124,17.00304425588361,18.850697888139393,20.11188953005447,20.64196614954833,20.403439827154187,19.47440169467677,18.074220893538826,16.519246080483143
X55,11.545835122950592,7.143779616990816,4.625047991446072,4.056892324460684,4.203515433721002,4.073571462024804,4.051819581283636,5.4506740989558145,8.94716711056958,13.529911974609318,17.098055083947756,18.20582299643763,17.280607604721503,16.13169357547485,16.232109530334476,17.44387946304606,18.38901122516529,18.018390619377858,16.74901309817369,16.003962752134804,16.626940133454397,17.806183183135374,17.658184106495156,14.966800734176093
X59,1.0427133360031138,0.8466521846046069,1.0307673054234092,1.3366956768378078,1.4905641033142925,1.4367839703339726,1.4368602821114547,1.9165580894900578,3.135868653411065,4.920539636332551,6.679452587660652,7.7289497961629445,7.708918956628379,6.799201294114557,5.59200864104926,4.725257790231919,4.534627387593806,4.933011426240021,5.540791952844613,5.9309796629808815,5.829035981786898,5.193722227874151,4.196199594876832,3.1382398023735383
X61,1.0601746340877942,0.7962924453805593,0.8423211399703496,0.9502219230710538,0.9298141880036921,0.8653912446405969,1.0580354257519153,1.730981509346557,2.773564955643517,3.7760060213706828,4.338248728373603,4.377937307995064,4.163479641934031,4.055571200892068,4.205340474880102,4.478397956249224,4.6421281311300175,4.603647753888941,4.460674233631751,4.33873968765722,4.212185758248174,3.9147105101978443,3.335147252580289,2.5877782929752375
X62,0.561680159414236,0.5732628506906853,0.5779952667692481,0.5590683567055689,0.528030119221542,0.5129821147823337,0.5308540022218194,0.5716319394515221,0.6100020293345052,0.6319614877825565,0.6487530583688892,0.6833990493099593,0.7432113699082139,0.8065661762809305,0.8386466300607831,0.822031276809673,0.7726768283800146,0.7255443347882778,0.7035394058400255,0.6995439505721037,0.6881934266324987,0.6547440036725306,0.6119067263337219,0.5880532541546384
X67,-0.040621248454853265,-0.19386126921664748,-0.2774696904721784,-0.2599420086582681,-0.22666207850270959,-0.273902249410203,-0.3798348829564626,-0.3963131261353823,-0.1842835618854446,0.23521541104972826,0.6688375201575413,0.9018451631181864,0.875959666331233,0.7266497281952005,0.644541687547898,0.6939107715697754,0.761190052507388,0.6789649445982268,0.4009889125225474,0.057196142630132785,-0.16204154826280381,-0.17651086987773879,-0.07647913322000532,-0.020983630698679256
X68,2.4551030505560645,2.7853457715792973,2.8449435338286593,2.592145690966654,2.2837781368706453,2.2469012854836903,2.6676716203110806,3.5335268590704354,4.69406749589671,5.925694769707538,6.954484873065523,7.499534306816422,7.398796748785557,6.7589114615179025,5.971198381565946,5.4997358375692835,5.550070660506327,5.879755357908148,5.942009344106793,5.289382771441238,3.930316566992053,2.3477026355384565,1.1577507839813976,0.6812647007832586
X70,-1.8728204694893207,-1.849880741256591,-1.7218898281857775,-1.6413388486766332,-1.7261665877638879,-1.8888688185490765,-1.8641468091852293,-1.4421233894506158,-0.6935199616942416,0.044027163846262984,0.4314555241504473,0.41185046299181294,0.24751023425532304,0.27007567486511674,0.5720313724739352,0.9232604265474427,0.9845087913366972,0.6138418004887314,-0.015240843678268945,-0.5772299206811969,-0.8679474987602654,-0.9301096615924365,-0.9380892059489687,-0.9891222154448644
X73,0.06688461568941545,0.0625872124292936,0.06591405483491274,0.07362855153690533,0.07727808364828077,0.07203078345061499,0.06341712881216194,0.06475884942980356,0.08671564030508895,0.1280175669713493,0.17564038379820227,0.21412874021781844,0.23565347689703708,0.24235519255178273,0.24029065013644174,0.2320866323698015,0.2157287234682427,0.18989449097402206,0.15926311057476134,0.1333797549053317,0.11960010371796982,0.11711135939250694,0.11826811387233645,0.11617072401569109
X75,1.7800081089418094,1.632980472480355,1.8428457372948752,2.1842436413806245,2.384353986578347,2.3578412467464687,2.254183326105695,2.2894881872102726,2.535360142686276,2.8642632143097693,3.087006063643793,3.1314160421999784,3.084710609368101,3.072675001749455,3.116681281542124,3.1234824351570003,3.013249665648144,2.8379048628451935,2.7473005869342915,2.8229701014376536,2.950762214419291,2.882433403193715,2.4532624749777003,1.7572047877866837
X76,1.0944810964448903,1.0468156185060362,1.0873643704646887,1.173368960165738,1.2126331982207526,1.1588856680105353,1.0741041340244204,1.0881714577215482,1.2843387988897306,1.6149790361239407,1.9292458476578205,2.0914379595290304,2.084017276187558,2.0040985319210893,1.962386859205275,1.9825043226778862,1.9922215897647648,1.905853375314547,1.711000552165718,1.4756341916492817,1.2759712848376212,1.1243810791745814,0.9712901121105924,0.7743502616998856
X80,6.5832245865964385,4.699531685037577,2.921641041462136,1.778138208657908,1.4673168006371284,1.617408325096596,1.5702595774734318,1.0081693097082143,0.35572035637512567,0.5263564077878176,2.1631350738372035,5.013350583051132,8.001013280512108,9.965028498698018,10.453177503495644,9.929041470320827,9.27847208034089,9.094890804994503,9.344935678387332,9.599793218432648,9.497747449952064,8.9724276775529,8.112594601762662,6.927463782893661
X82,-0.7042228592990384,-0.7239253620175955,-0.6300404362621497,-0.5404170778641029,-0.5886962128026296,-0.7471118556292129,-0.8007976294177049,-0.5279491942871762,0.0740274258779633,0.7413202761616828,1.1408952473507585,1.1425209796678804,0.9160568065163545,0.7629991895518645,0.8394744644802458,1.0273402498521893,1.0657946599246235,0.808807890596997,0.361949772798315,-0.02147985200973046,-0.1706808989443771,-0.12759763356215348,-0.06416210265799693,-0.09010745057856817
X87,-2.045166537766507,-1.7854752242606255,-1.6112789320808325,-1.7088315118209862,-1.9364161690414943,-1.8791532934063158,-1.1950584568212315,0.04562171736914267,1.3534984693145462,2.181644546970456,2.3498939640129484,2.1586423032116695,2.0966072933351585,2.4114422770171267,2.923129532275362,3.221587070012421,3.0372781857816413,2.4402562234448997,1.7184481585658455,1.100210758767092,0.6085482658365066,0.16197654773147763,-0.2337296194445413,-0.44260375930044527
X88,-0.6585641348463231,-0.5956136592716608,-0.5747119364822089,-0.6083466754478666,-0.6469434366237288,-0.6057515242741637,-0.4280428976182756,-0.13741624582424616,0.16722267661976156,0.37684427468109644,0.4493637895867836,0.43731034746067976,0.4435398650703346,0.5405372458589794,0.716580904015343,0.8870469745046058,0.9555711268775452,0.8745779536859217,0.6644249173894351,0.38980435422085197,0.12251273996726382,-0.08246800926927433,-0.19440212598874224,-0.21031818988222864
X91,-1.0481359153639758,-1.0437694731974656,-0.9677524744716554,-0.9044752337335534,-0.9567006978713184,-1.0989422579919297,-1.1322261549851271,-0.8252697514574825,-0.13716712999628344,0.6888728188331025,1.273747412087792,1.3852686792682547,1.1134240580191355,0.782028654426272,0.6739128687939799,0.8109943313645138,0.9735415023114897,0.9217881081198018,0.6074148552425257,0.19173479077529132,-0.11885814796296035,-0.24495189702713938,-0.25607142029010965,-0.2514973671823637
X94,-0.12639634390862883,-0.12406899538164715,-0.11192013981942103,-0.10331985712819572,-0.10592033440778764,-0.11503063749860348,-0.11767652031187009,-0.10341724074950662,-0.0722506318333482,-0.03329686128569068,0.0032416004552576483,0.03271249987274957,0.055711480224213884,0.07291858354605507,0.08179628870511575,0.0790529931326681,0.06584099428748227,0.0491686457964041,0.03681880263486244,0.030277712282327084,0.023101618843675682,0.007287791852966824,-0.017894568291323812,-0.0433053047665545
X102,-1.7852319106948742,-1.7897137023335044,-1.7028759303464658,-1.6420451688739601,-1.7168450766273229,-1.8614578175999648,-1.8249377594603624,-1.3705774368304637,-0.5163232081632056,0.41957172732641984,1.0377655930278493,1.162911359267875,0.9642670172888415,0.7833284741768984,0.8265591268413848,1.000892050517784,1.0304364003056061,0.7303447080301313,0.17808076345745882,-0.36458100498811585,-0.6832725092090871,-0.7673517647314768,-0.7576305022502001,-0.7684808939483827
X105,-1.2807586937673228,-1.2999146058298934,-1.1946012747303019,-1.0876240474993026,-1.117506544598252,-1.2667949066063133,-1.3355402070892788,-1.1036019668069743,-0.5370349564965688,0.15748816824339668,0.6866233808990398,0.8929314718379139,0.8445309455182085,0.7217862893498261,0.625313701609675,0.49656546975426613,0.2200216835798574,-0.2096910565455377,-0.6355207327059346,-0.8601347929493164,-0.822305085796538,-0.6501988173953708,-0.5370036213465571,-0.5624253675368162
X106,-0.0726242051993291,-0.09444201059543045,-0.04765834253828849,0.00893797335155655,-1.101034553974145e-05,-0.07303406459216011,-0.11578650521875145,-0.02682147389810552,0.197358313983366,0.4459050222411645,0.5888164445954936,0.5945195718589671,0.5544127143476243,0.5876198668143987,0.717080932898082,0.8385281461866873,0.8152350824275221,0.609403949923794,0.32488873021899256,0.12091154533967824,0.07926046612408533,0.14874388492505858,0.21230584654733275,0.20358516999408183
X107,-0.5514137123518086,-0.5566988753067031,-0.49343096591671937,-0.44102557322996044,-0.4738757650690595,-0.5624807329957284,-0.5779389834566697,-0.4070869149516946,-0.06991928624904117,0.27925139777903263,0.4759705159130819,0.48139616457439893,0.40181053548439927,0.37480500885876966,0.4332200650391509,0.47807154885673075,0.38424773909382187,0.13340214010590395,-0.15628815406592525,-0.3312709296810519,-0.33503431639479475,-0.2450557705599873,-0.18486341372852377,-0.20433857816960874
X110,0.10576329698127884,-0.12434275867978165,-0.044051067322581516,0.4269900010999734,1.0188294394699124,1.3215793456653189,1.1455087656903362,0.6957126529733522,0.3928188933665765,0.5029395246228732,0.9177628065236423,1.2789381891463572,1.3143328752604686,1.0636130645625543,0.7945981188402051,0.7185582786147641,0.7972263962668691,0.8221005005019191,0.661903439387628,0.40867699149394,0.27034043770570537,0.3304610105081884,0.43974513419782124,0.3678557398048148
X111,-0.23886681428061407,-0.23430073951418479,-0.16400643559364908,-0.11227785936651613,-0.14967162887904278,-0.2387773404613055,-0.248484566288924,-0.07468057794373495,0.24720730970284238,0.5533564280089395,0.6854547488465932,0.6253283314668582,0.5030893864953415,0.47043062828827803,0.5591695186590564,0.6582655625608491,0.6276519924239924,0.43654512433345344,0.19397844981327061,0.047049637099451536,0.049956505787501826,0.1296818872618481,0.17354961377743822,0.14329518898665555
X116,-1.2826957479118386,-1.4036705961381273,-1.3816818903406718,-1.2445232201374004,-1.1618798905044252,-1.2474245598512048,-1.3968961398093072,-1.3429683685685,-0.8939803948772513,-0.13326802144948924,0.6182528650687846,1.051394477046257,1.1023239982211852,0.9587354662649912,0.8460576205149188,0.8091665588409043,0.6994720128427583,0.36752742822495854,-0.14251432257460728,-0.597264796222144,-0.7749934319095642,-0.6631868534562397,-0.45779293288900624,-0.36886552506287257
X120,-1.255820561086919,-1.2658393891342867,-1.20259693984403,-1.1656501984944732,-1.2313772878038836,-1.3259603180094515,-1.2421930309107234,-0.8156998775282956,-0.10522861434904485,0.6054115436442269,1.0098186714494486,1.0165860342540594,0.8092454818949237,0.6729481471896674,0.7447542336378326,0.911273246064366,0.936355474863784,0.6888164351013464,0.25738313791321454,-0.14070686657261167,-0.35285849655762425,-0.3973027598205413,-0.39653092661306,-0.4290016738985173
X123,-1.072637333325768,-1.1226767011819168,-1.1283719433914567,-1.072544068312455,-1.0093315453245708,-1.0211563148037077,-1.1177547489299684,-1.1826209719134468,-1.0390290522874326,-0.5944231148181389,0.062102009663366986,0.7028927430803596,1.1159987810519278,1.2412001929570646,1.1762967225962955,1.060937782306302,0.9523559304968527,0.8036042456533987,0.5493281533847642,0.20223929303406907,-0.13772608050798824,-0.36537854255216146,-0.45585665020551686,-0.4684447669135456
X124,-1.568762703853119,-1.6153533334860901,-1.5282065140547876,-1.4369067083958034,-1.4902551088075437,-1.6616819456068987,-1.7045393527488935,-1.341370722543012,-0.5328728481596351,0.4309773169521499,1.1271724414045579,1.3253227384772082,1.1547056908090099,0.9633822956071706,1.0006307776442878,1.2114769330153103,1.3192867528469916,1.1011572247679227,0.5912346328230585,0.03408795491653338,-0.34238815901588604,-0.5030891462593933,-0.5732564555691088,-0.6613211591501321
X125,-1.212464001810958,-1.0419145031939125,-0.9010637173793721,-1.0109286445576244,-1.3049595773206075,-1.4004029926207036,-0.9178888368012372,0.12512805526404314,1.2343106825722485,1.7904049842233134,1.5451520911756165,0.8204098343120125,0.22839080026313732,0.16340584773274364,0.5149846490880345,0.8347285894447634,0.7688782235259991,0.34573210880239696,-0.12022514728555384,-0.3652680457781284,-0.4015718924922482,-0.42826835759293125,-0.563745782142824,-0.7074727511254086
X126,0.4835873607196308,0.5472587571040282,0.5843526200860312,0.542670594456389,0.46350656480501984,0.43373155437523864,0.48238640836027785,0.5386601484886394,0.5061800412070937,0.3824593941184291,0.2938972871582399,0.3925684515086346,0.7011691279464849,1.0565901519251197,1.2202296199568765,1.0676817364449402,0.6907718807066465,0.32044790664319234,0.14052462550719227,0.15758790693602617,0.23340286071777244,0.2329720573038496,0.14160081144495557,0.04883250194831143
X130,0.3433441165322658,0.33734428652047305,0.33765423555702007,0.3375019985581997,0.3377129627602434,0.3434359681545039,0.35598014215141816,0.3686760626797857,0.3712085046686747,0.358203939521501,0.3337392229276333,0.3077615895133136,0.28849214881257124,0.278418909342936,0.27704022862679745,0.28596038533566115,0.30933849146308734,0.34794777797943227,0.39282555336137587,0.4264172118943111,0.4326177240516167,0.40819591221815404,0.36564472516350854,0.3244472822937454
X132,0.29200024556105975,0.2697556655489689,0.2506841172605497,0.22739101129722916,0.2053656380341452,0.198512787426336,0.21520149161649715,0.24936255508595245,0.28564188425912485,0.31310606482614733,0.3334146178559779,0.3553989720532331,0.38231080445437204,0.40580107234860086,0.413768653621601,0.40446619810460827,0.3918166885216105,0.39483273788250123,0.41990474550146295,0.45274523324471794,0.4685220741207369,0.4517491565878307,0.40818325921087906,0.3584139477659967
X133,0.32371334607022606,0.27256642356074284,0.24238899780694592,0.2273570248793922,0.22105742691981764,0.2254107609687024,0.24744420096483627,0.28780992550570267,0.3337455431555729,0.3650072032130404,0.3683773322947359,0.34758639916544526,0.31961094204762264,0.30117730121188546,0.29814218554722904,0.3066459686297282,0.32265826071528314,0.34831627548023314,0.3875760910411974,0.43579745421262717,0.47538469109712345,0.48447350299077196,0.4526585334601212,0.38986884258915244
X134,0.39858098464711594,0.39922189284436455,0.384180327469195,0.36095021712333064,0.3545510925559687,0.38034599189777163,0.423091017637176,0.4456957485386358,0.421740977949595,0.36105926928759047,0.3029206314788007,0.2822055367985874,0.30026092499290113,0.32780531779566724,0.3362328047690535,0.32630009318869085,0.3262670113537641,0.3618842191868685,0.4282050603141271,0.49102046534100646,0.5163442079539978,0.49912360365885083,0.46397476823593786,0.4389836451249081
X139,0.4257633053515456,0.37340745412239523,0.35687928904601013,0.36340646939576865,0.3778601544642702,0.39136443803872356,0.400766928103268,0.4038487422415591,0.39766804097203834,0.3817654067594869,0.3612678483931651,0.3447707859795639,0.33820684803631046,0.34133854625384524,0.3514317828446638,0.3706479305664483,0.408264669907448,0.4726593957703842,0.5584114767403636,0.6408022151537751,0.6856627775220008,0.6696747671672776,0.5962289522077961,0.49429454778732207
X140,0.470394130863664,0.3856647880961065,0.34685591320144693,0.34080660028194587,0.3414350943533628,0.3401283520677589,0.35253593074583434,0.3960494593685251,0.4632812473237329,0.5213235929176382,0.5398969812711932,0.5208947611051256,0.4987780876452784,0.5095548057105312,0.5576400618219017,0.6128507918829448,0.6405462254218335,0.6352088017282029,0.6241714201469476,0.6376536069831006,0.6748207369640551,0.6999871581532242,0.6738079805433516,0.5900873768766003
X142,0.498421739723044,0.3713757155630871,0.29592010185140605,0.27393292361743893,0.29185121894131183,0.3338119929545467,0.3852386956398781,0.4293276875376693,0.4474864196680626,0.4289603698225207,0.3817438677431648,0.3316938325948232,0.30655168045532477,0.31709231092379425,0.3524786772790761,0.3946390601798671,0.4380812550623387,0.4952528534392673,0.5806546632988566,0.6877647932532452,0.7814559912839198,0.8159770703806004,0.765789491375708,0.6445442518678934
X143,0.1839297472312782,0.16830448927368238,0.15989847064613738,0.1538821425393977,0.1520487426515572,0.16136625461303322,0.18581204070144666,0.2197444937492497,0.24978018031940552,0.26400867922454097,0.26036680764483916,0.24688596885391248,0.23427099276004978,0.22816707392538157,0.22789596605818097,0.23135517152059837,0.2395730124457562,0.2553661260911854,0.27747150486362054,0.29707100513713514,0.30182443264300096,0.28496056126708774,0.25128727726280625,0.21417554004310177
X148,0.23967097987230912,0.21551165815463907,0.1903466157385123,0.1757048786063531,0.19349587422321185,0.24808645918628833,0.3135871273744453,0.3517377928018465,0.3443550149705822,0.30863706069642044,0.27994754229288404,0.2788876714288989,0.2951304569999957,0.30358813360587444,0.2956991455231874,0.2928860991852546,0.3267475188568486,0.40427054420126846,0.4927008096549389,0.5409359974136503,0.5193857649772784,0.44226037432935217,0.3527980672521247,0.2867632337980894
X149,0.28798721895595425,0.249257872479002,0.23582677128913637,0.23667520928556168,0.24851603360703822,0.2763558491720003,0.3211142066724284,0.37013503128196656,0.4028062379896603,0.4066920096811351,0.387593890307232,0.3626289142065747,0.34307492567385905,0.324939201831912,0.29774435228048546,0.26283557524481316,0.24115287164088528,0.2593367340010222,0.32449821790422284,0.41102785705013106,0.4738337457361932,0.478948717597922,0.4264346873716768,0.3471335610614744
X155,0.28798908548269864,0.25381872261136335,0.24037533936385827,0.22186069876233566,0.20182194128520825,0.21263866224893654,0.27747591453214093,0.3744938960322672,0.44355408648537864,0.4341199737008647,0.35062302661158,0.25125789697568374,0.19958718263440997,0.21341238459290163,0.25777989764694337,0.28616906254340485,0.28779399287038226,0.2945998308431928,0.3426437342790387,0.4280425132168116,0.5026146299179481,0.5144328692695268,0.45388595310908075,0.36081350747752305
X157,0.25593181861902287,0.20841099161134988,0.17439541876523867,0.16728831643511521,0.19114802499776362,0.2325549373667852,0.26675829388086053,0.27519731212142895,0.2594282632147213,0.23842453966199523,0.2311953383146499,0.24053976461217327,0.2528755246879951,0.2538972702318376,0.24474618328977743,0.24290123872493188,0.26658793481905496,0.3171139077264139,0.37533403571775215,0.4150832477857165,0.4210588457030542,0.395836966475979,0.3522884277820669,0.3014591301885098
X158,0.29429831167863874,0.2758988081473597,0.2747304743078199,0.2714989859768897,0.26432433030279234,0.26692879993549934,0.2899230809047162,0.3253632080605393,0.3506263286144932,0.34782509407224527,0.3195622561463975,0.2859643743683575,0.2668751493838529,0.26738953807947397,0.2802734302762184,0.3004726441099464,0.3340943438940824,0.3904116825522154,0.4644046320462885,0.5293669598490673,0.5509872021553082,0.5131990458999065,0.43286074874527847,0.3488330809771405
X160,0.20641765551753724,0.20144605167931812,0.1910596795030698,0.16790475805717048,0.1428380055910602,0.13845310492830487,0.16773204824061672,0.21850524689102915,0.260294731926572,0.26893779171024373,0.24671364791050762,0.21918004618327178,0.2116565312853791,0.22736864283963978,0.24724274500591398,0.250327519317375,0.2343592963793119,0.21681625480546568,0.21654579480169667,0.23490710584414898,0.25493862409091406,0.258427163701052,0.24300198618153546,0.2222064037156285
X161,0.5240793107590069,0.4084771649307023,0.3485636858263327,0.34326286296735375,0.36690386683721443,0.3952144182547611,0.42146813529083893,0.4516828161012313,0.4888717194732702,0.5249092871765462,0.5477274929866256,0.5541310959396516,0.5530138848559006,0.5552699006178872,0.5621512400510074,0.5660934331307012,0.5641442417607259,0.5687433562313737,0.6008949115747899,0.6681881575304853,0.7477942718388854,0.7937582829936255,0.7672461127308017,0.6664714737936107
X163,0.3946399220735264,0.35480056930022486,0.30319542789990156,0.2645160572435968,0.2563936084336471,0.2738226843848097,0.2916783891701556,0.28474399643304715,0.24823377237188177,0.20078654929865936,0.16771293322432235,0.16010503754407646,0.16848110871879468,0.1753652586410706,0.1735547824755697,0.17256516714350803,0.1882248680554059,0.22676715608665285,0.2790396720294669,0.3292329379234696,0.3678635814406441,0.39554270100333155,0.4149931198724319,0.4219090839415086
X165,0.24561118874667495,0.2053262191801461,0.19253628001681294,0.21714548310477272,0.2729530571894432,0.3367117080117136,0.3792853952999788,0.38277805052259556,0.351090405268607,0.3054749846255006,0.26855415075407113,0.24963390488068515,0.2425570878841538,0.23621253785463017,0.22719192430938792,0.22329116107277236,0.23566482244475198,0.26760973527665793,0.3100354629264827,0.34669243757942747,0.36359730848098604,0.35490016275969116,0.3226293303558821,0.2739445466045301
X166,0.4844235175806816,0.4111960093753985,0.3477867246333787,0.2964227249884094,0.26074403501715215,0.2508458866470152,0.27914270671419006,0.3490862077135999,0.44656796472251103,0.5428927262861263,0.6089004727126199,0.6303964082203358,0.6139437466028295,0.5800366183776848,0.5502986059708022,0.5382787136346268,0.5480689765167245,0.5774641571512067,0.620029840122891,0.6645455875806836,0.6953929302921872,0.6974847983951351,0.6640961010719211,0.6013262722811896
X172,0.15409647894063538,0.1573421521194348,0.15386110619470558,0.14528209805241532,0.1353363674117865,0.12749586011827585,0.12264384725283416,0.1187105059989522,0.11265212723729465,0.1031589393406108,0.09184432008115012,0.08199365958255829,0.07604439769319206,0.07395788139888115,0.07371214938374449,0.07324468060585268,0.07206328329156081,0.07131475216460344,0.0726235372752933,0.07696184987634086,0.08440066880801467,0.0944620636615014,0.10624133370079095,0.11804149598549779
X175,0.3207998859367273,0.2835694319356681,0.29786831998692237,0.31779620687476673,0.324813040820668,0.3349515741824483,0.3691565005086167,0.4226002948768387,0.465743641567592,0.4739179304946062,0.45194373740356164,0.42686722246855563,0.4173241476673015,0.41420222034539406,0.39576276929706783,0.3624049782454341,0.35171430975534657,0.4109421980358465,0.5474726151849703,0.7048757039942886,0.7934527360462722,0.754830085597058,0.6066237529893095,0.4284943990016234
X176,0.1773568498078315,0.16608541306809232,0.16982062575910511,0.17346057177414448,0.1738213831083209,0.18247917018930404,0.21358881361268667,0.26741009440584174,0.32502049728644855,0.360160450026392,0.35884095949344075,0.330289094559129,0.30036086835638964,0.29351269700141003,0.3181177140225055,0.3651741926354567,0.4179138115774601,0.461733169920967,0.48697189443097383,0.4865312289509151,0.45554843133050227,0.3961228476773219,0.32181880576353383,0.25426724017873453
X177,0.51400791092004,0.41177710444554855,0.3204884497359847,0.2748075521666625,0.2818667162967469,0.31919043903778044,0.3539654138199852,0.36701645525863447,0.36188031686534233,0.3538394838011578,0.35176605567390257,0.35044690903474507,0.3391637397711093,0.31610921911869533,0.2934849432435922,0.28854552525381283,0.31008864267713454,0.35352288422024425,0.4077227976094134,0.46443806385075453,0.5193095751310306,0.5641884926233454,0.5817761262242593,0.5528243161578774
X178,0.47887241605055864,0.38005943044507035,0.3042977615752874,0.26492980870694893,0.2623664126415486,0.2877519666869468,0.3257164996103997,0.3575977100434105,0.36795741890881684,0.35277418401317084,0.32276832166188324,0.29680440906953354,0.288544240753783,0.29690278751392474,0.3092013967783637,0.31521037500039895,0.31979865090350607,0.341850379281477,0.39856608361962753,0.4874903139890794,0.5816505136968382,0.6429828036315989,0.6445400084173485,0.5854385202952486
X183,0.2430569762734725,0.24030408983488064,0.22330196047769163,0.19944128114606136,0.18243185756002492,0.18119940210844734,0.19213462505335374,0.20184000106976854,0.19805319582444128,0.1791225827021633,0.15408924040828936,0.1342674013230347,0.12465519858849711,0.12266461449157617,0.12389851485744754,0.12798775873217288,0.13832906293490643,0.15660251532788827,0.17866053064364806,0.19684274906173507,0.2066998613757764,0.21101911017813088,0.2164579831963339,0.22575588782511602
X186,0.19002858012069956,0.1573389506165154,0.15954604706461908,0.17732387717099052,0.181667785995893,0.1644127257004923,0.15023399553930866,0.17512472499291443,0.24925839427913182,0.3397079258179313,0.39211755466560394,0.37441815560178554,0.3041574284262034,0.234943205669439,0.21411090531199176,0.2486949297696311,0.3072605699212471,0.351405599070292,0.3654392631561592,0.35887897614514264,0.34557678317094187,0.32536779264174237,0.28788935596516585,0.2320275495845372
X187,0.2944540835769954,0.24724187609718923,0.20321119212760325,0.1820865139497755,0.19635650859889942,0.2389374396307105,0.2858812361346685,0.31342838943982876,0.31512364105000473,0.30414519840650894,0.2993750239238946,0.30846157389290174,0.3232286153492084,0.33049076659955373,0.32670613954205785,0.3219538635749632,0.32983180113376126,0.3537198429846824,0.38287918839122054,0.4015918726157838,0.4017061028117958,0.3864059206653219,0.36285859784557317,0.3330892070979161
X192,0.26635955036850467,0.2235369684790573,0.20424689527012796,0.20462565042703648,0.21531671366737404,0.22728342872634155,0.23491775632299233,0.23546678212055167,0.227186301532648,0.20918646526455356,0.18343778290175264,0.15657776350199043,0.13887795670666336,0.1402205202465056,0.1656646067521104,0.21349688707224368,0.2764088685454563,0.3440134253598708,0.4046899233364866,0.44666030967430925,0.459867207706656,0.43954409795281285,0.38984252311661516,0.32425155096920166
X194,0.14597277486658095,0.15630864855610008,0.15335051380482262,0.14509204404334436,0.14734151639291068,0.1645162573670194,0.182786045419769,0.18278417951200568,0.1589837272759054,0.12600890248226776,0.10539882032398157,0.10612739952246285,0.11841034111962202,0.12666481612900446,0.12778930931725882,0.13528722999841403,0.16415056830583544,0.21150684686974996,0.2534100795060556,0.2629008547922969,0.2333396986578179,0.18499984956104826,0.1482979099711671,0.13905190199543507
X195,0.3743110667515191,0.3280322507798055,0.28596952686069166,0.2610191639305993,0.26034407288246453,0.28062593597659163,0.3090005292470086,0.3301210171614316,0.3350285747734608,0.32570661555667,0.3122379603682611,0.30506722796818997,0.3083760622635579,0.31915762512201906,0.331657165841325,0.3427486312949817,0.35382628186493703,0.3683636336364862,0.38791214518816786,0.40994154982360204,0.42865693414607886,0.4374236943267323,0.43098580402013165,0.4070140750863379
X196,0.5283162628003701,0.4889213465169998,0.4641591045377516,0.4554220345169386,0.45927810886086956,0.4732026739684324,0.4981803302520622,0.5349357328793115,0.5776717056489408,0.6127873210454954,0.6259836974405162,0.6129369738552001,0.5843002872684709,0.5598617124112043,0.5558487836632091,0.5752477984050055,0.6081963614254907,0.640740353705974,0.6636881633462164,0.6746890917395203,0.6739969841345489,0.6601903558764203,0.630976107812882,0.587891695838187
X200,0.27492344903239035,0.25090339284978513,0.23604869368618378,0.23409177852123914,0.2453819952639883,0.2660896836792207,0.28856498712932666,0.3041225420887594,0.30744008952398705,0.299582501530168,0.28695574538162055,0.2765722014953118,0.2712723038955968,0.2688328590027802,0.2656147693426857,0.2613602653083068,0.26063916692053096,0.26938149503707043,0.28932839890788753,0.31514634795034796,0.3367259457324758,0.34491627417707027,0.33641813271192533,0.31474163525837207
X201,0.3667107042238555,0.31553114621764905,0.2851108165498434,0.27458526705146635,0.29249087107401733,0.3407711794648599,0.4008126956316901,0.44018431365094735,0.43677681841573146,0.3974429143573377,0.3518892963556359,0.3265900536128975,0.3237654539559315,0.3259692546143222,0.3212325177045449,0.3223510037014615,0.35865220715912943,0.44567315850616707,0.561315929098856,0.6530758173253959,0.6728602874816652,0.6103188189593596,0.4968680589909884,0.379243533976665
X205,0.3670899777581314,0.33546518969579864,0.31193386852930954,0.2852196912699196,0.26359415558418015,0.2700475004167123,0.318327853841612,0.3936925719706694,0.4586908302627176,0.48043635750953706,0.4550159684540693,0.4073176654661882,0.36791803181987925,0.34972290096560305,0.3454281440905918,0.344919997407586,0.3518757771145731,0.3808873096833776,0.43784372009987954,0.5049123070540735,0.5479844382451386,0.5420810229482707,0.49145089179919055,0.42514881009749794
X206,0.41131347727895784,0.3786893622766072,0.35812179791615706,0.3470512655340698,0.3412044557148068,0.34125265694945417,0.350558004350797,0.36739735553631525,0.3813089001897841,0.378998018898691,0.3550161635141742,0.31685984405032275,0.27916805598903144,0.252401446147999,0.2368942197080015,0.2277069625096486,0.22460261642204465,0.23595093823041272,0.27128567984888563,0.3289903224789485,0.3914789461851784,0.43406713108867506,0.441092551117762,0.4158290533538649
X211,0.2927592890616423,0.3011518221185523,0.29428866793725483,0.27465619837944705,0.2579425821561247,0.25683747006233115,0.2690957662815469,0.2805767771190143,0.27937412605355055,0.26707692393312166,0.25694346277483937,0.2619002386505993,0.28453168549822455,0.31786837113605115,0.3540538360154775,0.39030691134032985,0.42573475015285606,0.4536985185365974,0.4603915799649986,0.434237573098802,0.37852722346535317,0.3142086205547234,0.26754516871618744,0.2516579925406509
X213,0.33847821917613835,0.3202210602714151,0.3138089138832362,0.3182793999942628,0.3274759301951649,0.33260117691621904,0.3268929870354464,0.3095491761001868,0.2859365512676702,0.263716935356195,0.24781038152938617,0.2381476636498829,0.23182716909969667,0.22750882556907623,0.2279698227216714,0.23840916645607074,0.26182719995436177,0.29531834725770867,0.33030031316559866,0.3564788728361703,0.366630061445835,0.3592207850319214,0.3380434321431458,0.31012857036644337
X214,0.42256617006529806,0.37932736519300714,0.36471364110488447,0.3693357315651924,0.3776187341637299,0.38474733718973614,0.39886229073096363,0.42777708501970957,0.4655241421771555,0.49385802482304536,0.49798074297852696,0.4806434465750099,0.45996724846019776,0.4526967054275498,0.4594962144621862,0.4670131879885385,0.4644103474813906,0.45704886405481465,0.46241432297142027,0.49124895714899297,0.5324785112465467,0.558003512081123,0.5446739736994055,0.4939087757181529
X215,0.4719406701518507,0.43815667803988223,0.42395126491296137,0.40966780284980153,0.380510705360128,0.3410010911817686,0.3087444817478763,0.29617674309118336,0.2999077226707173,0.3077255409659331,0.3140774529563916,0.32618066791349365,0.3536683378187443,0.39328630075176946,0.426712342338158,0.43649330774254336,0.4253444467338382,0.4182630531736855,0.44225525428852,0.5007058658758001,0.5664582843610804,0.601584786896506,0.587263188530772,0.5375253799449341
X216,0.34648023039170556,0.21909456248737005,0.13087495501886276,0.11384704144487406,0.15125047174358586,0.20184802403335944,0.23595549684452993,0.2515691869631007,0.26215351919624663,0.2748915707958443,0.28328927096872214,0.2787274233385983,0.26410973105436886,0.25189553390062425,0.24832548391484732,0.24332148170687923,0.22104932257597315,0.18303299265975542,0.1584945852435764,0.18539007181945505,0.27430051322023596,0.3880138202267886,0.4599332504547984,0.44080553925962307
X217,0.15955177755587588,0.13293967100099144,0.10740237759638506,0.0890147220526078,0.08543070928932137,0.09838145214121882,0.11878692823778489,0.13055885129599842,0.1212706280483122,0.09106831226329248,0.05226706177513041,0.02023432258577451,0.0037096988375231454,0.002532349293053321,0.013232176259804329,0.03553974551332903,0.07271347218828488,0.125514239420875,0.18653906146927812,0.24153652599497005,0.27743771012125296,0.2901271503160705,0.28516792760344956,0.27151282165647495
X218,0.266758179217156,0.23781894151074595,0.26686988133427825,0.3368028097807307,0.4165496086526872,0.47036128858030585,0.47204062486336557,0.41972716026048684,0.3401388161371136,0.2743499214487631,0.25117576851120427,0.26726606584450224,0.29117640679637863,0.29050183814175634,0.2611116505839298,0.2338437200692195,0.2515157116136169,0.33366221373896704,0.4569835413969956,0.5669915093077378,0.611694677408011,0.5722506968868947,0.47045423742898707,0.35225453444288296
X219,0.13299515726295721,0.13083862630375892,0.12964710795855836,0.1315146488381164,0.13783282612099954,0.14603459599988713,0.15113339941651646,0.15044433194780066,0.14626914236441463,0.14341828803135404,0.14403932150949664,0.14537177056748624,0.14323136870123052,0.1379143986447426,0.13610882493070894,0.14582996893319755,0.16833556039297332,0.19460697940134453,0.21042681061300328,0.20638352745536945,0.18449884421954604,0.156041766811795,0.13281912907346327,0.11961871239127086
X223,0.4374588817129735,0.36332806215954283,0.30975604437645915,0.30037436120706806,0.33400885499505356,0.3843766962193016,0.41819890948721994,0.41803847714571035,0.3919169911319197,0.36300688505308903,0.34946320364948547,0.35179222313022057,0.3570269437194206,0.35360375518229825,0.3424715194062842,0.3353914622586705,0.34410836243899756,0.37147069429385554,0.4114526891360938,0.4550557059106403,0.4941296903742831,0.5198647941010139,0.5209086619367197,0.4878260807936894
X225,0.3276950992970229,0.25860374307491635,0.21053177414264035,0.19178363085463446,0.21015850391156646,0.2622399765153653,0.32639169093967035,0.3708950353313425,0.37427590551818934,0.3412154567257734,0.2990498345395429,0.2765586111509968,0.28303880018955146,0.3056506594208618,0.3261697094453759,0.34038725324958213,0.3614796097607791,0.40444025484087803,0.46690839674770346,0.5250515922396594,0.5487939950960248,0.5228043861310565,0.45527205843705804,0.3689412419399893
X228,0.3211279864065936,0.2841431756542132,0.2718020287870148,0.26595681727966924,0.2581015248042147,0.2551360693644297,0.2670946698546709,0.2923410392154641,0.3169078692833049,0.3283868755876453,0.3287242095776428,0.3313923724678175,0.34544881575153474,0.36386910815453666,0.37009228784942116,0.357680879365715,0.34276380905075454,0.35397081424510557,0.406244938782005,0.4822681126443567,0.5404461815050514,0.5448319146090842,0.49195910068820614,0.41181818856718727
X229,0.3548703211585582,0.3084938308605389,0.3163796852981627,0.3392196006405558,0.34738882815553884,0.34410003797922895,0.3543559568818391,0.39493105251910116,0.45621198632132126,0.5116164575248511,0.5417593070430193,0.5476914445525356,0.5419263045315853,0.530796491880665,0.5101431618113732,0.4796998930615487,0.4581323520891861,0.47667631572754576,0.5508779176189234,0.6558037649087574,0.7325094927118416,0.7270467095580228,0.6317984535027379,0.49333428957438924
X230,0.3488739279973181,0.32812019940118764,0.3223953405947147,0.33231581020343237,0.3506941197058621,0.3672624609522819,0.3756414844754785,0.37654952783550916,0.3746972673769372,0.3727876105245061,0.36872124858783223,0.35881160679103885,0.3437119184321357,0.33082865495009184,0.3301647189645735,0.3467885721229907,0.3764448873473967,0.40805447484309,0.4307266609437232,0.4392836232749206,0.4344081204549629,0.41894278036412924,0.3950987465692839,0.36537002255620704
X231,0.24798368479945576,0.1965591459131656,0.16374588338594176,0.15705452152572344,0.1662831877382368,0.17434876025906115,0.17266726627839266,0.16717972658466979,0.1702945210286775,0.18727692073009566,0.21031453626120133,0.22548856621332475,0.22535110875962502,0.21495963620323125,0.20631047275618294,0.20757814894720023,0.217902445625101,0.23178686583676122,0.24685212472658596,0.2655658764101669,0.28878141466805207,0.3087107386030711,0.3107168120701263,0.2846231717235398
X232,0.45293937986975474,0.4260567062593217,0.40233941651120503,0.3828460380189678,0.38216479225068634,0.4157621265358851,0.47930617802382525,0.5425659014597631,0.5680314221653026,0.5400027686249722,0.4778634299303032,0.42045786729647877,0.39501519031601556,0.3984349840104025,0.40689227877963774,0.40293500047922476,0.39332210440404164,0.40087253478980456,0.43933812858900195,0.49651796968212386,0.5420902947650189,0.5522441841746424,0.5274550525348394,0.4877027984232926
X233,0.05266066895872684,-0.0035608117795059013,-0.03473015265629838,-0.0355263404996031,-0.01635028051766578,0.00473771454056976,0.013850420902203009,0.008740056973058158,-0.0024878431306901427,-0.009199384119987428,-0.006162917469273971,0.00382876560519238,0.013376629156297129,0.01645765817067671,0.012690489295321766,0.007801908354418324,0.010835873610004043,0.02977038912093502,0.06707078103919611,0.1166485907317825,0.16405743390344066,0.1913230137200262,0.18546460895727848,0.14650500455364662
X235,0.1630515858310336,0.15948323709485213,0.1623765818802593,0.1635901906787257,0.1602857680309771,0.15989663762216716,0.17323513223355924,0.20191584904880844,0.23293475735686914,0.2470943330494916,0.23461487282223098,0.20377258615586358,0.1743715411579934,0.16180380083915485,0.16602612536522285,0.1747980946000381,0.17695343922752524,0.17248941987890518,0.17029673495556918,0.17698116852930618,0.18877942697584713,0.19480187991259224,0.18796257439749414,0.172166868423763
X241,0.22208517186863733,0.21969961258024057,0.22052655812251037,0.23037175919237568,0.25432916967283054,0.28703325999458373,0.3122786671824973,0.31471107730682446,0.29352389060554473,0.26470727055746146,0.2485064390131482,0.25289708417814993,0.2681559929077261,0.27743508752008605,0.27320089535394554,0.26397462792126025,0.26525189090852164,0.2836323453295185,0.3094341895400162,0.3246014884720172,0.31805356815889585,0.2940510643947611,0.2666464398990771,0.24692355376506928
X242,0.2996509779049262,0.27784056041821037,0.26567387891897903,0.28002093810067774,0.3220895684051957,0.3708991511398649,0.39792717939313005,0.39031155053216626,0.36087008693108374,0.3353957876981516,0.3294455452180912,0.33675153825155946,0.3396484774121124,0.33013517348674004,0.31991094582104007,0.3290394333642241,0.3644540154641448,0.4098756275205474,0.43762959834720094,0.4314073296513486,0.39848876939085187,0.3605813579598794,0.33339709581772775,0.31543683307469883
X243,0.24167408092062279,0.17006572155728433,0.10610506897481312,0.08148271394620438,0.11353737631201616,0.18573569344537655,0.2557741973039523,0.286358731161922,0.27191438936156154,0.23786763664917823,0.2147267076227539,0.21223974914724436,0.21726055448410467,0.2147417680014508,0.20864813143306718,0.22067638014874408,0.2678198129866154,0.34155014078858553,0.41002222350191936,0.44189426108651086,0.4291503627961861,0.38787206726478424,0.33830882089470793,0.28598322149867195
X245,0.18186680527407897,0.15514491648635048,0.13291103899711687,0.11858107590041035,0.12187702312604311,0.14635268430534454,0.18166716055276663,0.20945952090840478,0.21761992866680915,0.20909897718456713,0.19692838112104782,0.19109153409662033,0.1909295069467034,0.1906005413014564,0.1910162471892674,0.20423807140898412,0.24357709377555,0.30769647294003977,0.37466208322488337,0.41382763350889507,0.40688177248870994,0.3602582645671858,0.2984752562992795,0.24500273711381937
X247,0.12897394404364937,0.1361591425626817,0.12833239469329627,0.10791066227018706,0.10517630949314451,0.14864001230638313,0.23573088393355754,0.32983017865200187,0.3856907191243141,0.3808574097195637,0.3277157710247498,0.26003731795855234,0.20966869689961765,0.19324803713244718,0.2142773403157625,0.2696941832206915,0.3491647039770579,0.42892039521494196,0.47330242669766664,0.45194042205378715,0.3627552754048191,0.23973229065208723,0.133832117315979,0.07901705919357682
X248,0.15354838481038408,0.12644443907506242,0.11501672462212637,0.10948293742930963,0.11321965354040704,0.13709863243240814,0.18167340662559345,0.22766127113392765,0.2471971895484967,0.2268294777719265,0.18015605277375177,0.1370581624261262,0.1190740938302789,0.12408888944706051,0.13435877847093386,0.13879359307913575,0.14631466521856087,0.17617111961895945,0.23449991727468653,0.30091955080501714,0.3399535525520993,0.3281865054990284,0.27263451525894733,0.2039349407294447
X250,0.6844947296711984,0.5828571940184991,0.5180448800799129,0.49311024846397905,0.4933880875987012,0.49876352668099133,0.49722626089377187,0.49116545042125637,0.49292410606150194,0.5134035410921055,0.5520448927711831,0.5952983337212727,0.6247335184508316,0.6294310644226875,0.6145182749254536,0.6001921766431075,0.6113765825368789,0.6635878034117364,0.7526573327193413,0.8539284905902453,0.9317753112447682,0.9551828375216757,0.9119911475678835,0.8147218137062595
X252,0.5087062720966865,0.4687159631358383,0.4074753368111721,0.3449954061369729,0.2968945398118098,0.26728284338674935,0.25570769884290234,0.26659748144644135,0.30719133005086585,0.37410480598001616,0.4440335409016208,0.48318090450904305,0.47194877910356764,0.4238646879216891,0.3793764167442602,0.37651706397793416,0.42208952387502985,0.4879523032514859,0.5353319196774672,0.5455295950758813,0.5306353045916152,0.5169621838214762,0.5185573969210059,0.5254329358402272
X253,0.3426132532236227,0.2715563005715722,0.2351191580702009,0.23610489480548913,0.25083547987857957,0.2566808985466408,0.2530044681927277,0.2562559138058397,0.2769398200734446,0.30399632610969035,0.31337955892586933,0.2919692550965214,0.2518709930553122,0.21998676812572682,0.21323718726275087,0.22473462190110077,0.2350468393490419,0.23661704531513594,0.24511001041857852,0.284090517180302,0.3569207079880488,0.4344446545328406,0.47336966496050725,0.45079124776920343
X254,0.36690848353230177,0.36750393137148846,0.37955327847745196,0.39025176278167784,0.38870920135450415,0.371989402570001,0.3458757987535385,0.3202191849563372,0.30226052333902886,0.2924951494511697,0.28568236934040797,0.2759714432940545,0.26238300152977206,0.25083078101498857,0.251297335516129,0.27188491422256117,0.3132706284029988,0.3667402566231874,0.41697508544636996,0.4483567359768572,0.45186023554927746,0.4292444282143933,0.3923483227513265,0.3575343241874557
X255,0.5102438929210692,0.4566511756043918,0.3919918312374872,0.35316230844935775,0.36267347512340675,0.40787860608195037,0.4493207964070418,0.4521554231451704,0.41316612202337333,0.3599689890633672,0.3247626428161934,0.3178093128023144,0.32427714258189894,0.32454636454086905,0.31599706991200627,0.31478330946020194,0.3374731307663988,0.3825988593638102,0.4311085818807098,0.46439192678207175,0.4803448779829931,0.4905818525171379,0.5024112068902737,0.5060194036844992
X260,0.2041964477942992,0.19555728785555207,0.18643664433347928,0.1830787125108806,0.192530799987648,0.21418072945614808,0.2374528460948053,0.24865760799497033,0.24120914913355096,0.22013560788820113,0.1971869579585032,0.18156888786917488,0.17490017493722282,0.1741467930701136,0.1781309142319638,0.18998515076071795,0.212715375777476,0.2427652961637735,0.2690980768904181,0.28000149260484836,0.2718785494163344,0.25180265541038777,0.23130141052748238,0.21718186476209844
X262,0.2570794406849648,0.24091667312267495,0.2373385390987955,0.2477123190493355,0.2757768307569856,0.3190757120707337,0.36272345347431,0.3852966066539529,0.3742729785849171,0.33722979522619545,0.29712293043432886,0.27438419204767905,0.2715097612768185,0.274202700983915,0.26784158005893055,0.25350602699039737,0.24809948039721572,0.2681929017878756,0.3127153855417307,0.36076689077406743,0.3867070067752311,0.37893880757559617,0.34627285766613114,0.3081249310838346
X263,0.4497796491286387,0.362126375856985,0.2976375356215824,0.2618323213710203,0.24295676290694418,0.23227925500963575,0.2350764179376677,0.2616544820735037,0.30948815165849214,0.35713779079515845,0.3784342665389287,0.36413961383442683,0.32979741574054355,0.301671521399827,0.29435399616353813,0.3018276605558994,0.30999019228171143,0.31663458432286945,0.33696651013266754,0.38732030483023433,0.46253733589215396,0.5305409278616576,0.5522730664798456,0.5108651873733985
X266,0.4533125527026529,0.37271556154494173,0.31699164557060105,0.31164442630606937,0.34584601769791906,0.3835143325001761,0.3942125359013796,0.37660160188442515,0.3547755497042468,0.3530320129646475,0.37354988211665074,0.39677630687236776,0.4017322017878563,0.38530624364504984,0.3628023458387388,0.351834479950287,0.3574890860348311,0.3730840310853984,0.39284523447098874,0.41997590786496586,0.4595242400835311,0.503689511889436,0.5279102284650962,0.5067797355567718
X269,0.3145490458526353,0.28048921313119984,0.24233658801171362,0.22447446960170836,0.23921431462857917,0.2779422566870669,0.3196064365882289,0.3471249633891404,0.35642276170079834,0.35200107886500603,0.33698624614596195,0.3100321288368672,0.2722888678353556,0.23517129243916884,0.21752501118147835,0.23175522410049468,0.2713276656833518,0.3129521731410866,0.33367142862116594,0.3283957006146909,0.31193094616840666,0.3035084556924929,0.30822812361944685,0.31282905882777157
X270,0.43991339583329997,0.4028431615873957,0.37843811188495197,0.36824367238076294,0.37261348979114706,0.3901659809659579,0.41473964641322686,0.4348705005068879,0.43920062126220966,0.4248595580724928,0.4013544061026722,0.38516154082101123,0.3882840587331142,0.40998771804678963,0.4387057065466357,0.46229689795575535,0.4774833834651417,0.4902722519356498,0.5075887391209875,0.5283299232082423,0.5422345242944433,0.5374732233499808,0.509969195361258,0.4664486315268568
X271,0.34080318549151634,0.2983339251966026,0.27215493249414024,0.25745991256131345,0.2539296684549638,0.2654888126092287,0.29089460458443916,0.31762985094160723,0.32834708603239743,0.31523169078312757,0.28791865623251,0.2657890327895205,0.2609580613642594,0.26835942038351873,0.27316619981965157,0.26873128241218863,0.2670429609378312,0.2899871258877741,0.34807552369528616,0.4261512582078898,0.4902037989295605,0.5105243471868551,0.4817522662428491,0.4235810332630836
X275,0.3565303910675518,0.32392536209755385,0.3522519521800091,0.4131136294868061,0.4624542942351938,0.4750018454536856,0.4592098046127786,0.44225050172009917,0.44202804468505114,0.4529969047048031,0.45676090324399776,0.4437851117784229,0.42338223213524323,0.41320975207349087,0.421194631886725,0.4396423535764678,0.45694778235438077,0.4726009297220832,0.4973008661022335,0.536438625351464,0.5748148518087411,0.5819391135560255,0.5374677072281551,0.45440437925863897
X276,0.15893768585459842,0.13752315765962514,0.12184076411394497,0.11325969039168954,0.11019022177519741,0.11168050244754806,0.11899625549627496,0.13333208265835278,0.15212638959776467,0.16832729133924945,0.1743221500619951,0.16758086021759117,0.15299786498935017,0.13962551407583793,0.13448351287692012,0.13864868682462714,0.14850375875844085,0.16017632079024735,0.17253441235697864,0.1860778147647777,0.199521009845313,0.20826748945615178,0.2069546970406939,0.19392709884636583
X282,0.23841397450719312,0.18407848938198268,0.1487533577099301,0.1394229007935808,0.1458408865621093,0.15197543633613778,0.15198357036274746,0.15526351876131306,0.17562218152786163,0.2151292686225444,0.25863941108941707,0.28486333697202504,0.28400938180114493,0.2657448682060936,0.25047156592589237,0.25249891627856635,0.27053991860759996,0.29287467290699554,0.3100727405930454,0.3217767336421262,0.33159528424031964,0.33732196215271537,0.3287061009629068,0.29670259085723616
X283,0.3168528111225888,0.284518913987761,0.250129683157878,0.22193670154723152,0.20626372128267512,0.20477932677928823,0.21347013878879548,0.2246121160053318,0.23099983355001402,0.22975844486464939,0.2231107536266597,0.21574131018218948,0.21106341708702808,0.2094326328616411,0.20949279504583626,0.21103887743309405,0.21651924807919498,0.22963189666536002,0.2521035667448018,0.2813032335174606,0.3105705010595758,0.3319313325885992,0.339268736697272,0.3302221582719618
X286,0.4014729739208591,0.38550283710459726,0.35644380957346394,0.3203714597080564,0.2927046272381375,0.2855179103668448,0.29785008554798054,0.3175605374102718,0.3320099413113629,0.3369915329178663,0.3362848248928491,0.3343066990582486,0.3309930068449423,0.32460698651749426,0.3186247763203969,0.3235517974245311,0.34941199472745266,0.3949491560815333,0.44450855167400055,0.47738479791565724,0.4826000267344445,0.4662013537238585,0.4444518775525282,0.42914195661955157
X289,0.23201956815651667,0.2447162316644344,0.23452802887008406,0.2035957908259309,0.18481919339907005,0.2133742911134617,0.2953262618269378,0.4001948764171462,0.4825035786076557,0.5126255753883611,0.49186330688330615,0.4435659023791518,0.3933729469059878,0.3572860147810248,0.3433532811650179,0.35700744691288455,0.3985020176594027,0.45400292683796856,0.4938500906839124,0.48741427800130366,0.4264289895800851,0.3359506416079991,0.2594018674608642,0.22696108504803475
X296,0.32905256876361866,0.2745424948817534,0.22574544781877856,0.20627951126232275,0.22234832578534622,0.2571059459215663,0.2829497385163719,0.28195626116940103,0.2574110023767042,0.22750581231660033,0.20820962043144758,0.2012099631481588,0.19677874497088588,0.18684267769879187,0.1745845844072383,0.1716163894938228,0.18662813236348466,0.21735348456959458,0.25325981917241996,0.284876148499172,0.30929297884548457,0.32651433189109275,0.33217954856986986,0.31683708126086674
X297,0.23127630303153002,0.2774309632368019,0.2807206593083335,0.2410175048798568,0.188396176443384,0.15786557132054937,0.1620626614513601,0.18617012239690106,0.20720732174930717,0.216876754184813,0.22558088484511654,0.2456565853179957,0.2731630646972032,0.2883172697814574,0.27465795602466114,0.23704844321555268,0.1992823025831152,0.18277894952360144,0.1875028746395383,0.19453232429815745,0.18793029831628483,0.17357740601720656,0.1749258093441019,0.20855973378356138
X299,0.2545856997338334,0.24533286050859243,0.238006958547197,0.2537955539079549,0.3041080001256339,0.36963197931442016,0.4087508562998686,0.391055739376507,0.32535804274714464,0.25466727132359135,0.22116919043081756,0.2328794105178168,0.2622139364019764,0.27630008710699455,0.26893655101076575,0.2636586575147698,0.286374496514906,0.33574971212155397,0.3809424298983549,0.38869021414832905,0.35292636147254125,0.2984554354526887,0.25662935048043833,0.23842997436831376
X300,0.21035947071513222,0.226801223438708,0.22987730409160573,0.2183086357168658,0.2218477809100352,0.2641892428693293,0.3343281468557048,0.3947686301707025,0.4161669196054623,0.4019032105067544,0.37848288639195415,0.3644412128996113,0.352771656017794,0.3264705306295664,0.2897602329095822,0.2781014085290639,0.3300201700166399,0.4442638503020996,0.5655188795573194,0.6186983258977983,0.5660991462822353,0.437701439348207,0.30709895874343135,0.23413639396846758
X302,0.03318160603469797,0.03779614315012417,0.04979083220404602,0.06358216095522125,0.0720801151306407,0.07234627827966687,0.06772216603231448,0.06439403956754235,0.06561710271207234,0.06903248657044136,0.06949754065809381,0.06453550957736873,0.05705875569500167,0.05276944946931896,0.054837853290709226,0.06100725824576835,0.06576980067428548,0.06529129397471423,0.060271982595063854,0.05426626708801228,0.04964214179384713,0.04558406928228586,0.040146686041556315,0.03391162500651848
X303,0.5465582818442137,0.5371805517659519,0.5401006534177565,0.5271122073181936,0.5048699835784225,0.5060930585089293,0.5499693700872157,0.6142053201012122,0.649839001046987,0.6262725796191644,0.5621774703982187,0.5105448074332393,0.511157896355629,0.5562990987315379,0.602760507763867,0.6174927962674794,0.6109117138091689,0.6243001174020212,0.683748249246527,0.7669628239829334,0.8172164979008528,0.7924596635885763,0.7028921044150709,0.6013662775752688
X305,0.4273338043663407,0.41034550663255553,0.3844901690208882,0.36981793421856596,0.39030412620113814,0.4503152861065034,0.5236523541097382,0.5685478682673568,0.5585174895361812,0.5031689863888911,0.4406595398005176,0.40815172736741123,0.41562822211364725,0.44430167031535084,0.46800413278241104,0.4761281290871504,0.47793404316779714,0.4876207169875046,0.5075655622633649,0.5265141898466341,0.5324710404975395,0.524922301176288,0.5131193664772729,0.5033684694368153
X308,0.3449960413541755,0.333194832344726,0.28843014401935557,0.22745211821144765,0.17888614646448714,0.15988164095233845,0.16538933193376681,0.17888275105755264,0.19168806323972398,0.2102682928963954,0.24439023420798717,0.2898183072878606,0.3255408939501347,0.3307302194418652,0.3055907774886548,0.27464132673817065,0.26722363659189285,0.2924599223333238,0.33211123864509634,0.3581312578689255,0.358138382288653,0.3445955902111048,0.33953483895365055,0.35048207299028455
X312,0.17004476536152083,0.15274627620806508,0.138863283451595,0.13117799208639014,0.1387055119424655,0.16865350878721516,0.2156341690993328,0.2598126243265111,0.2784361403763157,0.26240378047237795,0.22364251300656976,0.18633665129108504,0.1691625400114749,0.17348132028761085,0.18664826018608732,0.1957966075126915,0.1986766303599278,0.20226806332079506,0.21228788505450508,0.22509339937772663,0.23006581211260493,0.21946837208570114,0.19544965406855708,0.16742829123140884
X313,0.18627126414305628,0.14347871827641,0.12164516875331574,0.11917855557787932,0.12323311742440096,0.12388342677702818,0.12369952577879359,0.13376888101212167,0.16077857511533805,0.1984079880212564,0.2316405840168394,0.24958824765418006,0.25411490999192854,0.25608504402192234,0.2636160940251739,0.27451133980771125,0.2803091100056919,0.2771121009137007,0.2712053304258752,0.27285522201332774,0.28420824442083803,0.29403794912410075,0.2859364916822172,0.2532025889687253
X314,0.14892446601509357,0.1455444274593137,0.14708761200574522,0.15172167796515104,0.15659598001949873,0.15893432733572144,0.15748646090294494,0.1534623558177327,0.14984354582732262,0.149060578223242,0.1506711143792878,0.1511916738071409,0.14675004237720396,0.13676002529000628,0.1255670902171556,0.1203172936714493,0.12627432368734848,0.1429769508977513,0.16410726688615107,0.181137084785728,0.18807584482416,0.1841431181584578,0.17309238123398737,0.16039151742466098
X315,0.30365920378511907,0.28544752516660665,0.28129271427795716,0.2974974557287735,0.32782423952348533,0.3565110115912596,0.36908834861210094,0.36228498611580573,0.34496231374020847,0.3298665291130696,0.32378954587471237,0.3243984904248933,0.32528739390201356,0.32335007292000045,0.32131196520918026,0.323823333812277,0.33196782017495446,0.3420132490976519,0.349223688360964,0.352120428869152,0.3524352793587717,0.35111511851521277,0.345472783604316,0.3316443191906927
X320,0.19857528732570978,0.1904477460679759,0.19300012907295874,0.1933733783988395,0.19022697816210976,0.19155808939985364,0.2038280668641856,0.224077074434922,0.2424067635339805,0.25122514010281716,0.2513120490297823,0.24904725966713948,0.24892790585186414,0.25024195468925947,0.2515344109308729,0.257078982517848,0.27635432236452434,0.31456873080440684,0.36270117966105875,0.3982527972007541,0.3990590222251721,0.3599279619051685,0.29781834427695425,0.2403837829691699
X323,0.19733613994353827,0.1823152177456746,0.17519729097034842,0.17618485467467276,0.1866786881792612,0.2070346489791537,0.23331183844753167,0.257108942640195,0.26986501777752786,0.26849549806125034,0.25747160079750303,0.24536450293547232,0.23879208793433404,0.23891627658723882,0.24302678998335278,0.24888644132117876,0.2571359059660035,0.2693946835980291,0.28431246266564536,0.29607257808611137,0.2974917207435761,0.28526862987974994,0.262687958564799,0.23740073889502322
X326,0.17921513977240117,0.17160809544879055,0.17166710111645112,0.17562295188634253,0.18012202159529658,0.1853206605110987,0.19332112860993456,0.2040195280137766,0.213220357660498,0.21552206031855148,0.20940095406269413,0.19934473104183933,0.19255088090194344,0.1930421099048918,0.19871548431212696,0.2040801450165261,0.20590402127490726,0.20615656481947262,0.20934930889472408,0.2169888263744859,0.2248129429026578,0.2258248530968169,0.2164582279709579,0.20008134621912638
X329,0.3961545832361839,0.378511916367577,0.3416390597496439,0.2968858126870119,0.2651591251101349,0.257879942780383,0.26586396124368744,0.26837667825006595,0.2541045083238485,0.23301135023536337,0.2264539518420736,0.24464936474220175,0.27397178827271,0.2877594230774678,0.2714216107221463,0.2380303766550177,0.2188920748784312,0.2371069074573526,0.28816967011089667,0.34481148752498514,0.3803937278947089,0.38850091567477896,0.3816595651894663,0.37330477979071686
X330,0.4995931242595591,0.4630627789879447,0.4669338328253614,0.5040536438489086,0.5434634179786243,0.5540506369986431,0.5276002738986846,0.4824260692999127,0.4461394930601497,0.4338766801947476,0.44043659623150067,0.45044838252438,0.45433387145949017,0.4547215165455176,0.4595792923834281,0.4718590358569375,0.4872960629350409,0.5014224252177066,0.5159831155704235,0.5357523926154901,0.5583680415280194,0.5694252918067366,0.5514513732023076,0.5010490000672649
X331,0.3444107291838704,0.30817902609501757,0.27632304401710833,0.2618783936035438,0.2624265537107092,0.2637077074094707,0.2545296996590185,0.23756159646311575,0.2251003808702552,0.22461030064544132,0.22962842341661882,0.2262993260770236,0.2095325444785468,0.19208213896786536,0.19595040624730636,0.23284584422626078,0.2918876152825897,0.3466799324526719,0.3758004234695689,0.37812684045721606,0.3695346385594106,0.3653075273837792,0.36575769886131027,0.3584627341765293
X333,0.3857832201237503,0.3862933782642709,0.3676454115258023,0.3411191706797009,0.31950267310554264,0.31088190289197837,0.316243288868711,0.33086310347431086,0.34700090309778375,0.356032360839428,0.35031704938269903,0.3258643550353316,0.28524256913532403,0.2382258141948019,0.198193514779864,0.17557675360088792,0.17275438585078473,0.18437430823539155,0.20287351774688928,0.22453104492571302,0.2508634949861718,0.2843082060692017,0.3223386255328894,0.35570395433720586
X337,0.40834568848575975,0.3594899198740128,0.32938084895619674,0.31187184901604054,0.30228966108063754,0.3040265841870017,0.32289657483112205,0.3567378701300355,0.3928320831960368,0.4171478451223414,0.42638790512001906,0.43013829681060084,0.44024108349885593,0.4579122261061818,0.4721251871808973,0.47172461062339244,0.4593905357367015,0.4525783547085223,0.4686282569758537,0.507013354068807,0.5456469133375046,0.5559198073522856,0.5240334689072323,0.4604376676419961
X341,0.3052482431246235,0.3000439628644055,0.2865975859114226,0.2660202571226086,0.24081733747297598,0.214524615776389,0.19231164551297017,0.18029881007838033,0.18231410043874685,0.19614081682758305,0.2132385349786061,0.2237307149131607,0.2236140393909214,0.21826701583097285,0.21868742561712898,0.23289955005646545,0.25934982886448277,0.2877172730519724,0.30642551980759425,0.3106391090522814,0.3044634797869296,0.2962783811802742,0.29177445866836277,0.29043510797491223
X347,0.20779710103298157,0.18259307902120656,0.16959380273856972,0.16421153817230666,0.1625348196877167,0.16217765326515493,0.16370665553599495,0.17213527177514698,0.19502984211586571,0.23564135876194933,0.2853950712587717,0.3236689425099072,0.3287048487268555,0.29377205070823664,0.23599490315460347,0.1888648481280772,0.18174920502793007,0.22065332807605958,0.284388574464405,0.338739163087629,0.35775383352888146,0.3369800491856185,0.29116495148068083,0.24125340271431053
X349,0.16931621959852167,0.15199432528221848,0.14902053164763307,0.16203585265648374,0.17942006265751204,0.18478381271106792,0.1718554893508619,0.1514769717535951,0.14307315294152134,0.15769664349903728,0.18823457705764665,0.2160117285082496,0.22766194175477403,0.2265058850537271,0.22804858512478582,0.24434108637346375,0.27221723551962995,0.29613457884955474,0.30209200643676587,0.2889383987969409,0.2669255244974472,0.24645353219568722,0.22923448922553194,0.2105089166145892
X350,0.2609310992065722,0.24261406594319027,0.24466470445534966,0.25562292136393383,0.26305534860343815,0.26424328722696305,0.26666848472324695,0.2782950685060914,0.29756851319473504,0.31326480516056,0.31461688304948504,0.30202653891724174,0.28800223019723886,0.2872995194716352,0.30538246597566693,0.3354721552123113,0.36581355784581115,0.38916150753806433,0.4053146274130987,0.41553684606447755,0.4163870757925,0.4008526775467532,0.36644929924363734,0.32175248469258183
X352,0.23340263602203898,0.2011555350385075,0.18612176005623396,0.18642937371898952,0.19518860896568746,0.2059111948014426,0.21614432714568485,0.22713725654940553,0.24062380896042293,0.2558096210495617,0.2689922597111908,0.27583464782857026,0.2743350372948485,0.2664114368833079,0.2573582357840368,0.25377826660917807,0.2609819012387572,0.280568995219705,0.30882193084204745,0.3368321458426491,0.35319324545815,0.34888989259674175,0.32216808169681405,0.28030217432747684
X353,0.16729753521467078,0.1660636020822516,0.17251362741975423,0.18359617645797985,0.20208776507550522,0.2302429426725654,0.2620752213811399,0.2837035045601715,0.28305614791503075,0.2602633952090385,0.22853632325255288,0.20408917917847572,0.19417774483729205,0.19412895579734943,0.19542073102859386,0.1961008951140876,0.20278237327158063,0.22216501477721362,0.25084590143407076,0.2742913522503442,0.2770587847989963,0.2552869846602129,0.22001598674032158,0.1884569024185244
X354,0.16657456792887407,0.17801643387618793,0.1856618491114941,0.1801908200696633,0.17614707245351352,0.19209334396158148,0.22770489398705596,0.26162533465218835,0.2718068672450043,0.2569853981636577,0.23721319221340484,0.23326870417535278,0.24657223259143446,0.26051169713663264,0.26152953274450647,0.25714141235992877,0.27037386310404754,0.31425964447778615,0.3717901324437215,0.4035004678980908,0.37871364078109426,0.30268685787446964,0.21421906638861887,0.15519212346978742
X357,0.27966764151572177,0.26397468496334425,0.25255666118689446,0.25997430562442897,0.2917575660449408,0.33365423341052386,0.35895322318529044,0.34924513730242,0.3102906287396711,0.2681878128944972,0.24886146856798977,0.2590844280267568,0.28527882695581375,0.309333485981207,0.32517185814448946,0.3405363452469571,0.3640120694104393,0.3919102205232475,0.40896298702453904,0.40210602977178234,0.3731259576578181,0.3372574859828531,0.3093233458994078,0.29171246930822403
X358,0.1911737260508145,0.18173934795390564,0.17454314772007606,0.17557911923209207,0.18788783502973078,0.20830341028625637,0.22730739227152902,0.23351637070642928,0.22085635840645063,0.19357163818695972,0.16484414527359526,0.14915419311497222,0.1533619593753133,0.17276764454318141,0.19483647928439615,0.20763810410545624,0.20686426198831576,0.19692334077032783,0.18637536645503963,0.1818215061476475,0.1845098564531487,0.19099838142721276,0.19620065340993975,0.19635743371323447
X363,0.3784663065827417,0.34831625453354537,0.325618210138664,0.31591637188235777,0.319786072634685,0.33211448469530663,0.3458032048553564,0.3573176384235881,0.36907502172417334,0.3860287812945205,0.4091994035743197,0.4322347287101013,0.44484623050891636,0.44084767953694737,0.4240603176844923,0.4067767130870194,0.40165915932565716,0.4133810181564831,0.43624774558259727,0.4588092079001948,0.4710123086119688,0.46845234218214477,0.45195784023308416,0.4250069972832764
X364,0.3285793828060189,0.2975911574268742,0.2826580563621137,0.2741038444463069,0.27009616406747955,0.27696333270691464,0.2980877003851202,0.3249366432850655,0.3412632192054307,0.33713754372560395,0.3184390679862924,0.301450971179044,0.29738768244952163,0.30244841605100037,0.30389176837007265,0.29630827060609455,0.2911261081224607,0.3081580856541808,0.3556664079176867,0.4177417106246243,0.46222204169392567,0.463676106098862,0.4218626424850717,0.3600623366365507
X367,0.19000798237265853,0.17780379524826073,0.17323213508076377,0.17529389502024995,0.18082990300077995,0.18577451051300972,0.18733888202254448,0.18575602163488733,0.18400175619053966,0.18533567076164192,0.19049008067343906,0.19695274405487787,0.20119045289092177,0.20207449703954,0.20251276811726737,0.20763044302040834,0.22072082628437595,0.24012335360437748,0.2594957182839003,0.2712661770883907,0.2707059506614359,0.25793205969281585,0.23705880702981968,0.2137860796484324
X368,0.3713901964058203,0.28704393109736376,0.21705072249041066,0.17708636055231491,0.17535607673957898,0.21095586116083234,0.2729469199379764,0.34175414154346223,0.39508144735497186,0.41741159388807575,0.4078635044995707,0.3804353256730275,0.35539915560188534,0.3474113695291206,0.3587363890653963,0.3819130960212085,0.4084690038791919,0.4356313604397948,0.4654571874161541,0.49803162273891766,0.5257712498228915,0.5347089167088122,0.5123181387071657,0.45586523015041147
X371,0.265316952307174,0.2751238367374128,0.2868863425868154,0.28583622276115284,0.28101226653899813,0.29523389360558394,0.3395861609225395,0.39736179121989157,0.4339495001862782,0.4246188663445158,0.3751442201472454,0.3169715814908139,0.2823060870677023,0.2821323603941289,0.3053471431521476,0.33575772279121147,0.36739487712509655,0.40304659543716986,0.4403874253472697,0.46383403528456124,0.45397665515562213,0.4067905238148751,0.3425694194535861,0.2931034591992001
X376,0.32546734599907706,0.2849747252947303,0.2552294686854668,0.24183485848600278,0.24784833046644023,0.27172209605411957,0.3061937463110347,0.34003794730238796,0.3625401312047622,0.3681755479352324,0.35852647460668646,0.3404688199990854,0.3223537642533505,0.3109374205663955,0.31044315533708783,0.3229113303800791,0.3481194742100685,0.3825523311033343,0.41872927622391226,0.44659391534699344,0.45707307708786094,0.44584084000345126,0.4148539963558991,0.3708926982688182
X377,0.15031372254875394,0.14318970705696854,0.1447076507759995,0.15224118747718424,0.16237529158992609,0.1735780164936345,0.18574936242252585,0.1977235321146438,0.2060374389578605,0.20688993349513313,0.19966159394566685,0.18836851503484953,0.17916316162873355,0.17583787488181923,0.17738116056753628,0.17978988700380943,0.18027816667779328,0.17973613776042352,0.1810738378700778,0.18521773224268656,0.1889372579329732,0.18695832448894967,0.17662346897148945,0.1607852003173991
X378,0.20280419542166886,0.189012519318744,0.19108263725945152,0.21028239618125563,0.2428257333181242,0.279008393427401,0.305640217791206,0.31250393560968737,0.29914366688935956,0.2762178121925569,0.25897181929493285,0.25690142486574785,0.2675310450576051,0.2794155940990126,0.28195835631625954,0.2739205024239542,0.2637063422617007,0.26160209206489066,0.27082892526310354,0.2847834672640852,0.29214194982305086,0.2850198867333704,0.2637254301451122,0.23554050157093603
X379,0.4570309598210972,0.4143841826524363,0.38359685006206784,0.3616204195213899,0.34814478534273785,0.3483265931257976,0.3655363503319479,0.3933453806422203,0.4170918693133636,0.42497881349581934,0.4178664166446124,0.40737291620942206,0.40360413950201307,0.4048995939660586,0.40066404530418326,0.38526741100652584,0.36899866788360053,0.3735864511289586,0.41420219124795676,0.48353126803538515,0.5529569248330957,0.5910952299294868,0.5845376455536203,0.5440367020654417
X383,0.22523069443665225,0.1915853896854561,0.17218678439122365,0.16573897423140688,0.16701303441709126,0.17485850715747123,0.19343778292721023,0.2250575901345057,0.262394100391501,0.28948089860002174,0.29252337343661217,0.2714533683497238,0.24136850787124103,0.22178949931937805,0.2227832034450919,0.23976265697353363,0.2605376757909962,0.27693936119032514,0.28986046520147557,0.30387716027417017,0.3182085431112633,0.32412017581607244,0.3119180432334181,0.28065642024621074
X386,0.4467671864552953,0.4386336564221983,0.43290095268039247,0.44544820916781813,0.48006252053991927,0.5157676361139216,0.5179860132259628,0.46650607999641824,0.3750923187153543,0.2834263711385595,0.22727293890542993,0.21324246607406316,0.220247996515791,0.22460043547669378,0.22384690836355425,0.2368296487897832,0.2812581212675188,0.35184371862026764,0.42074288453956393,0.45966426087705325,0.4620412586978044,0.44460552866308145,0.42876815989076295,0.4217630045161609
X389,0.3707693606055834,0.3919160063950901,0.4088830147663379,0.41162941966928235,0.41121627438165564,0.4252049781007376,0.4563108352729387,0.4866487215675174,0.4937337406280802,0.47219272548222135,0.4393128333114334,0.41885641076350016,0.41943377182314723,0.42902814133134026,0.43066264900308526,0.4225201908331185,0.42112911559615657,0.443497320086757,0.48603708552325575,0.5224631884536661,0.5246913406610428,0.4878263698026922,0.43544826948144155,0.3997790067346076
X393,0.17009867999573602,0.171249291781869,0.16556130470002772,0.16077562041328552,0.17677672328487154,0.2251723233323888,0.2936243428492809,0.35093001399917556,0.3698637622321677,0.3480399636523355,0.30858711655408694,0.28076494754415204,0.2783133407597677,0.29383916527132453,0.3113125625714275,0.32210356780759203,0.32883454056928674,0.33560676330209216,0.3375921504571107,0.3228485294413934,0.2852051784766247,0.2342207760084159,0.19029494703326724,0.16822580143738347
X396,0.16699441788427996,0.16588942779094723,0.16194603726701137,0.14763833591880357,0.1379357196717347,0.1547185883893905,0.20114269014932307,0.25260647727418484,0.2750938631645488,0.2544678372503186,0.2088711902622577,0.17231453571756603,0.16522117275477602,0.17986735571513385,0.1934297065459213,0.1940263662754207,0.19288022179441022,0.21050139364855047,0.25151622858906963,0.29454877661401585,0.30857930558101254,0.2805248919340444,0.2271997116715492,0.17998192459782172
X397,0.4816451746216063,0.44569655315012124,0.42547380816313035,0.4253690461245637,0.4408384621112466,0.46238254201282497,0.4817790199333722,0.4962117635612788,0.5078955161385299,0.520297728831994,0.5342975190471975,0.5470802280138353,0.5541017386247493,0.5522710848593269,0.542119169088336,0.5278947588468325,0.5158867849341057,0.5118374672196992,0.5182626727564156,0.5325427726708262,0.5469039636231646,0.551150432228098,0.5376289177162192,0.506011340572939
X398,0.16458058600704198,0.14148257786940205,0.13647103978722294,0.1436996592990871,0.15147399653924715,0.1532675049538197,0.152887538922487,0.15953335650692388,0.17784206428286733,0.2023335129783883,0.22115216028207807,0.22528915150924314,0.21488863409659908,0.19774114044652363,0.18265168030844012,0.17443641369555468,0.17428989501145928,0.18295369300949138,0.20140736371898976,0.227460307340157,0.2524506150464869,0.26356637242985903,0.2520680335613905,0.2209582088942278
X399,0.14331452750606613,0.14476939372201242,0.15199673570571998,0.1580357436939294,0.1544762528547073,0.13882903277585165,0.11884980632694997,0.10870050166772931,0.1186523417864657,0.14636832238883907,0.17741911653733544,0.19530137009509702,0.19316773696920708,0.1779698100612461,0.16414310348817213,0.162560104643535,0.17370922058018282,0.18954235161664715,0.20083365154991925,0.20317030369750108,0.19752996746870938,0.1871129156538411,0.17482493817564423,0.1634425308781766
X402,0.30203253673487357,0.23877804369404293,0.2138184294651698,0.22334664606718643,0.2468527113034149,0.26793991772637693,0.28834064318747255,0.32189755031888967,0.3752793749008999,0.4354240455006524,0.4770857331749014,0.4839511494035199,0.4632352310746663,0.4397682683781152,0.43521179731456067,0.45184808824269473,0.4750662399316852,0.48998858160840386,0.4944588034916608,0.49576959117768815,0.49625876493596743,0.4848372179811905,0.445327391077869,0.37448169237620577
X403,0.19414522303042023,0.1565197834591483,0.13938411453338567,0.1454535821765364,0.1603788873035377,0.16565780189716955,0.15630280928024437,0.14645758407472692,0.15669927668819258,0.194025782308784,0.24299079750107044,0.2766394976160111,0.2778438338501845,0.25230096327372137,0.2224324961840212,0.20880413720104013,0.21597717132834,0.23382381989169382,0.25001346342979247,0.25991679823117203,0.26515428238121025,0.26518330972549764,0.2535581589429665,0.2244652685006711
X405,0.13978055276468357,0.14082856213784337,0.1584829840667762,0.1701538584983936,0.16452975101317918,0.15194686744196248,0.15442815077609995,0.18439040544888957,0.23165531697070563,0.2706751845863491,0.2812093063907077,0.2637772508680546,0.23695174882164127,0.22073999876888073,0.22217297332367875,0.235003146968302,0.25047634943089,0.2659710186530688,0.2826563750667219,0.2967025893290195,0.2963352616138487,0.2707259782446686,0.22293006490210393,0.1726708853220401
X406,0.3198509314092161,0.2810934302841298,0.26524266506200156,0.2752085348699608,0.2986464550724531,0.31782172304105855,0.3214470366628744,0.30972652548234963,0.2905316143331602,0.27193933123237685,0.2578946496413265,0.2491390348241814,0.24613455699220466,0.249845988739808,0.2599917013848377,0.2739734464201868,0.2889283298429346,0.3051223413518347,0.32624349371867445,0.3546596311463838,0.3853689856042408,0.4052439449174885,0.4004595978023645,0.3674023726261586
X407,0.3472548812241345,0.33376690798615843,0.3300061928148899,0.32852859344063623,0.324837975602827,0.3214149019837127,0.32496537194276087,0.3396617629428048,0.3624498774361821,0.38433849115820234,0.3962651583197759,0.3945835301970473,0.38231300258206335,0.3663807909012023,0.3540112734011554,0.35075263206037466,0.359853556140001,0.3812601450304439,0.40997221665777256,0.43590844618424296,0.44749014369105045,0.4380170243143818,0.4104433560269813,0.37622123288628173
X408,0.36320055260026884,0.30274371009264905,0.25236873788953057,0.24459467462067264,0.29573331760967125,0.38557036336428013,0.46386526818752216,0.4835235049085118,0.43514972533894186,0.3538304091150028,0.29167795325752166,0.27898590379541255,0.306060722203477,0.3386510691761009,0.3503938918341848,0.34283351971896003,0.3378358415774418,0.3534833295773589,0.3876273689976281,0.4224301772128495,0.44140857149212287,0.440111422626047,0.42169990107035993,0.3867955261161873
X410,0.13298651622124374,0.1289061321351373,0.1263237046540543,0.123957637702338,0.1284138043113927,0.14688572336995886,0.17793255869441738,0.20985900581505726,0.22894509079816433,0.23015501104797817,0.2204602022475518,0.2119645928128979,0.2116383617314551,0.2172392464364358,0.2224118414494256,0.22477843680907503,0.22826351055457925,0.23733330635280586,0.24956833006175805,0.25502839998705007,0.24405331943396863,0.2163390923178759,0.18233068854591805,0.1551929984174951
X412,0.029025497954351675,0.02471199994178077,0.024156888010755263,0.026405522404062968,0.03179769182020225,0.04046511950777734,0.05019365380439746,0.05664439296286812,0.056428900278632524,0.050243805454596266,0.04273475023581005,0.03875976336274759,0.03935857868568774,0.04128345496435662,0.04065319987244172,0.03725987858211092,0.0352668546041516,0.039393146716345584,0.05003216972472671,0.061910331132149984,0.06769864907796608,0.0634695392459004,0.05130778484265855,0.03713429809825554
X414,0.14618273382171343,0.11504789505460014,0.112943118638266,0.12069250146033794,0.12623300239553792,0.13626220194490785,0.16604678705179074,0.2185386473076907,0.2747194783713174,0.3059314396039885,0.29710855005478926,0.2590011120219972,0.2182264011222101,0.1953533841536955,0.19196832279152193,0.19746826340415125,0.20597674709768304,0.22405066666214907,0.2604753976616411,0.30930929153576425,0.3457881247675676,0.3425662111020816,0.2928809879793697,0.21872463187943436
X419,0.15286254464723653,0.15046365816883125,0.1565078045511797,0.1677875225543313,0.17783830562444403,0.18082663689923978,0.17487633012422082,0.16270638823245825,0.1494430534622628,0.13939149759215227,0.13398389655001527,0.13193701233722485,0.13098782782097163,0.12973118502413233,0.12845083847879818,0.12877753088381197,0.13265240531717976,0.14113732555088981,0.1534593182785507,0.16668731308406054,0.1764884834302325,0.17904998908933378,0.1733928586333847,0.16258044667520566
X421,0.39076298606270526,0.3121222710304457,0.27661065117080835,0.29785123744378206,0.3640313882023456,0.44376077512184464,0.5034038027415055,0.5241214563677039,0.5079202745818975,0.47100021857893726,0.431704524407661,0.4022335848903665,0.38774500431700515,0.3896271125336044,0.4077527719794249,0.4399397537082978,0.4809411900151127,0.5235328872369921,0.5610101279718013,0.588066104800882,0.5988446503262463,0.5851480625788869,0.539239090020737,0.4616609229441416
X422,0.32929678949013313,0.3181060400169779,0.3031463086618956,0.3001552628883157,0.3239015272345589,0.37217043453718157,0.422965580333607,0.4497419066555082,0.44221731567426853,0.4141232757017693,0.39069585680024443,0.3872218367986878,0.397937138948608,0.40447567097232373,0.3947191902206163,0.37387403376540035,0.358108911937344,0.35824720404469634,0.36992741553601494,0.37913213326565887,0.3762750362748982,0.3641044500250787,0.3520977629990879,0.3445860996055822
X423,0.255100102165767,0.235890828916228,0.23225844537584636,0.24175785358471938,0.2593014940626046,0.27861785309782117,0.29368875661428073,0.3008708646285646,0.3008814555122737,0.2986293807173732,0.29996726075814384,0.30727548622687234,0.3175454811431063,0.3250716075298261,0.32688626674823645,0.3262330150378269,0.33058340415619814,0.3452788961121855,0.36788745347720414,0.3881471861670711,0.39395844097770305,0.37904989364198843,0.34678306391676633,0.3078407700052091
X426,0.17449894627161805,0.18380650414391855,0.20383706768974894,0.22008059590635728,0.22240247475665606,0.21360298233387018,0.20701017681555353,0.21403024035764218,0.23239430379810505,0.24625965947728232,0.2391605377783037,0.20905585056120474,0.17230114886287404,0.15273616106481758,0.16479177496304614,0.20416535514017264,0.2524452257600149,0.2901963141802865,0.3072922330699353,0.303974461107186,0.28547969550186675,0.2576662251814704,0.2272608791388398,0.20341492888949642
X427,0.22790514221662334,0.19510123058798784,0.1918288053812056,0.2119595414412877,0.24049620017710285,0.26292295585804537,0.2734042198249101,0.27618327258763836,0.279784678765323,0.2891290324749193,0.3018798632658479,0.3114218936638436,0.31334538603853457,0.30983791279219286,0.30865949871233356,0.31794369535338834,0.3408996262068715,0.37369026333680355,0.40687047123914716,0.4287308661737859,0.4290234485598831,0.40258677980136753,0.3524128322787227,0.2905627520781753
X431,0.2284850999650655,0.21113857117387702,0.21365152750414604,0.22549793550295394,0.23703626189287597,0.24694444493700912,0.2607755860981887,0.28280822864465865,0.30953110721527666,0.33115516509054227,0.33961367101155404,0.3353817000298892,0.3268884783794104,0.3235449169411083,0.3291651389520548,0.3413593559708145,0.3559996424457819,0.3709737220276396,0.3850718676408741,0.39399631837882626,0.38938383023213385,0.36395570753739276,0.31907132991218906,0.26720874658149013
X435,0.26991238062390016,0.25993205487945326,0.26839069370780094,0.28073746401236427,0.2833695630929179,0.27476997096304423,0.26483816435349633,0.2641840052805156,0.2740041215182492,0.2856341700036419,0.28909373154166496,0.28172778710676266,0.2690739290527995,0.2585453376057344,0.25342774014273795,0.2532013961331194,0.2584505129126332,0.2732217468626471,0.30060532994444517,0.33553895933375094,0.3634303655014859,0.3685982723468344,0.34666632517375895,0.30977723016967085
X443,0.3991366661678189,0.38463374079824264,0.38040873515225776,0.38596154335808547,0.39752983324014984,0.4097886971489787,0.4172935455117656,0.4162241314970303,0.4063533011376293,0.3917969512100379,0.37905546968489573,0.3728842684212731,0.37292633812287507,0.3741773083479554,0.37147496882410375,0.36456730657834396,0.35931256706550724,0.36348752871447015,0.3802385050601471,0.40443685294382165,0.4250440841740697,0.4318367880814039,0.4215266475618941,0.3991033380157123
X445,0.44044089780065704,0.4202224444028362,0.4056404035787298,0.3923494817567372,0.3878716894609878,0.40370708159112667,0.43955945227353044,0.47714876255776023,0.49205705101372865,0.4737215398049562,0.43462368300612786,0.3994513017701346,0.3842335287613631,0.3851436751279052,0.3870664421986834,0.3825016010687137,0.3812482743644837,0.4006716319994729,0.44596554340421296,0.5002407381522854,0.5351017363976138,0.5326007265634791,0.4984937605865939,0.455211531819581
X446,0.27208980246787046,0.22288073660483304,0.18727696315040207,0.16851976030072963,0.16320676490567715,0.1689652233147091,0.18835827739970123,0.22471088061022446,0.27425069743230784,0.3233308769693736,0.35500533875473655,0.36014657441568426,0.3435367220354075,0.3196554776821581,0.3021178522538384,0.2959992864629675,0.29873078420707005,0.30667352522197217,0.31948291263835427,0.3377002267011843,0.3569290171333139,0.3661435429798435,0.3537152209856378,0.31660170451503405
X449,0.14641834092797817,0.13013262303062162,0.1428202261517523,0.1547191416467536,0.15051783027690416,0.1453628281259983,0.169825696278871,0.23770998920812836,0.32774934130056166,0.3975155502804366,0.4173668439996721,0.3934498487339753,0.359544097017101,0.3469721145712195,0.36120069910533903,0.38500815990532283,0.40105976491491463,0.40877746478903476,0.41878912490700204,0.43326495500783624,0.4357950843197944,0.4042429149677227,0.3349005470045371,0.2525539332178878
X450,0.15917184072139282,0.14558335133220887,0.1532953655846667,0.16126462970001804,0.1571028483165232,0.14822118958229147,0.15455004907745312,0.18953250700216673,0.24646834153878347,0.3020484638502252,0.3333512693764977,0.3332904668405753,0.3124011231164733,0.2880471965542402,0.27248537834050063,0.26949075302839554,0.27874473830205343,0.29955052387200415,0.32834593902938747,0.35390110535265296,0.35892657259601035,0.3309346366634176,0.27425638167996463,0.21102779194480947
X455,0.33270702582685513,0.291995703310518,0.27205685122004486,0.27470473935145834,0.29270256202516765,0.31622641773625493,0.33794053646733757,0.3543179834153152,0.3646888341031183,0.3704167295702868,0.3745714750146151,0.38065300702429317,0.38985410112081176,0.3989765833736568,0.4019693565322826,0.39525229591227085,0.38275663446215213,0.375425431647979,0.3838871599465357,0.4092178687786076,0.43946181274129376,0.45578102389025155,0.4444926329998795,0.4062705315277809
X457,0.2759156729981946,0.25001368395709495,0.24480025162767186,0.2522661349335851,0.26639084323815043,0.2889391197404047,0.32315271189535594,0.3634403733437005,0.39396551053102485,0.39981408704883575,0.38066018449102923,0.35293070178091857,0.33698379569906006,0.3405964427907577,0.3542190513734423,0.3623970971917188,0.3600662582857415,0.35757794206706217,0.3693087990542175,0.3969387756467432,0.42404659731434713,0.42802668716332043,0.3987795432440396,0.3471993271117477
X459,0.1109425147493987,0.1087558085200492,0.11067207275510292,0.11911711857037544,0.13492662874853337,0.15444332313268944,0.17011390473080765,0.1749752912177227,0.1675432273726207,0.15285043582367758,0.1386477540860816,0.13005844599686203,0.12720238610596601,0.12734758931123075,0.12889926581644892,0.1330852058204139,0.14182255451275755,0.15423684995974604,0.16567750684632668,0.17054276959509598,0.166398182547239,0.1555854943620501,0.14300063750577824,0.13240774873673478
X460,0.20510397436684868,0.18568808008529408,0.17096414843294142,0.1616107565223772,0.15580579015507123,0.15247361741883442,0.15300922050065138,0.1598233222438938,0.17319984326606067,0.18961867290707227,0.2033272028444824,0.2099222723268385,0.20893237551390695,0.20345884096202407,0.1976506327404859,0.19446257242623316,0.19529880331877358,0.20089063466676943,0.2115591801218599,0.22609045412044582,0.24054140413907577,0.24900038420546244,0.24666023726609063,0.23307927736501116
X462,0.23746670825017535,0.280541455776009,0.3234973403267467,0.34275992967632574,0.33119554417048064,0.30216197401446865,0.2773720542180878,0.27032524920448336,0.27936204897345257,0.293926191281648,0.30537053856038654,0.311371660240319,0.3117611892566759,0.303312875631556,0.28140631394567284,0.24754662439217268,0.21357089591936157,0.19542883236284753,0.20026245165395623,0.21894901996383268,0.2327853472171174,0.22988834543905012,0.2166981099645096,0.2132454550897781
X468,0.2394221782382749,0.20657076935333857,0.1903533395936566,0.20338199784331026,0.24636643797715171,0.30036195319812,0.3358676631511468,0.3338617412054706,0.30090171302887914,0.2639802721548422,0.24864138152406393,0.2593314738124974,0.27910207322963415,0.2879909081824908,0.28240589880309547,0.27761063447165124,0.2918359123119437,0.3276819269323094,0.36817449501449795,0.390231158238347,0.38211542385188346,0.34919293467625157,0.3050971091298468,0.25960948089228647
X470,0.31306378157832926,0.29354933294435775,0.28746959806465006,0.2925003261136232,0.3072167100746042,0.3306711692630836,0.35949752885569963,0.3869189524178383,0.40585710617258247,0.41358054332619276,0.4131875821367421,0.41014361136242733,0.4071717697137175,0.4026941455784799,0.3945138668065221,0.38486637618652414,0.3810514318154221,0.3898682030912898,0.4103687317824472,0.43184316718263316,0.43980672199573534,0.42570168757945565,0.39260093837236315,0.35260566372636926
X472,0.21262095650381677,0.2223110577208584,0.21341741817243606,0.19802544297375207,0.20659289844229634,0.2543362097065431,0.3224587969327132,0.3728657119477674,0.38161337155580427,0.35831075288946396,0.33351240981533853,0.32830026250331534,0.3372003306192339,0.34061126736584885,0.3317949969557099,0.32824861609452877,0.3536943920230644,0.40834975957325076,0.45924073709950497,0.4638612216649354,0.40714419509507266,0.31683498178124575,0.24158706120684664,0.21133362507312048
X473,0.13933680330659015,0.14042412591177572,0.13459438456347678,0.12409954067259386,0.122203568740899,0.14075548914963198,0.17635083361789355,0.20920903969453086,0.21748883995085327,0.1949781783338593,0.15630896775909714,0.12499515395121082,0.11516801076550257,0.1231039871199083,0.13480664534358922,0.14082095323808713,0.14366259405405923,0.15178237806989042,0.16777950599023045,0.1837849377678726,0.18878200823154329,0.1798993539941615,0.1655775160182264,0.1571136796003763
X481,0.2597487946148595,0.26815919145551653,0.27846664559010204,0.28468172434339495,0.2856874097516735,0.28345494732638343,0.27835158278215555,0.26733346583119805,0.24735468641786357,0.22037103338648337,0.19418314643024628,0.17739852143373475,0.17293660889765242,0.176387188785948,0.18099943166929475,0.18450370984080103,0.1909707074563563,0.20569099701648721,0.2280466820922767,0.2496293775840199,0.26002421299198003,0.2552998660231443,0.24146394444504793,0.2296901681827191
